<?xml version="1.0" encoding="UTF-8"?>
<names xmlns:gmd="http://www.isotc211.org/2005/gmd" xmlns:gts="http://www.isotc211.org/2005/gts" xmlns:gco="http://www.isotc211.org/2005/gco" xmlns:gml="http://www.opengis.net/gml" xmlns:srv="http://www.isotc211.org/2005/srv" xmlns:gmi="http://www.isotc211.org/2005/gmi">
	<name tagname="gmd:abstract">Abstract</name>
	<name tagname="gmd:accessConstraints">Access constraints</name>
	<name tagname="gmd:address">Address</name>
	<name tagname="gmd:administrativeArea">Administrative area</name>
	<name tagname="gmd:aggregateDataSetIdentifier">Aggregate Data Set Identifier</name>
	<name tagname="gmd:aggregateDataSetName">Aggregate Data Set Name</name>
	<name tagname="gmd:aggregationInfo">Aggregation Info</name>
	<name tagname="gmd:alternateTitle">Alternate title</name>
	<name tagname="gmd:amendmentNumber">Amendment number</name>
	<name tagname="gmd:applicationProfile">Application profile</name>
	<name tagname="gmd:applicationSchemaInfo">Application schema info</name>
	<name tagname="gmd:associationType">Association Type</name>
	<name tagname="gmd:attributeDescription">Attribute description</name>
	<name tagname="gmd:attributeInstances">Attribute instances</name>
	<name tagname="gmd:attributes">Attributes</name>
	<name tagname="gmd:authority">Authority</name>
	<name tagname="gmd:axisDimensionProperties">Axis Dimension Properties</name>
	<name tagname="gmd:bitsPerValue">Bits per value</name>
	<name tagname="gmd:cameraCalibrationInformationAvailability">Camera calibration information availability</name>
	<name tagname="gmd:cellGeometry">Cell geometry</name>
	<name tagname="gmd:centerPoint">Center point</name>
	<name tagname="gmd:characterEncoding">Character Encoding</name>
	<name tagname="gmd:characterSet">Character set</name>
	<name tagname="gmd:checkPointAvailability">Check point availability</name>
	<name tagname="gmd:checkPointDescription">Check point description</name>
	<name tagname="gmd:CI_Address">Address</name>
	<name tagname="gmd:CI_Citation">Citation</name>
	<name tagname="gmd:CI_Contact">Contact</name>
	<name tagname="gmd:CI_Date">Date</name>
	<name tagname="gmd:CI_DateTypeCode">Date type code</name>
	<name tagname="gmd:CI_OnLineFunctionCode">Online function code</name>
	<name tagname="gmd:CI_OnlineResource">Online Resource</name>
	<name tagname="gmd:CI_PresentationFormCode">Presentation form code</name>
	<name tagname="gmd:CI_ResponsibleParty">Responsible party</name>
	<name tagname="gmd:CI_RoleCode">Role code</name>
	<name tagname="gmd:CI_Series">Series</name>
	<name tagname="gmd:CI_Telephone">Telephone</name>
	<name tagname="gmd:citation">Citation</name>
	<name tagname="gmd:citedResponsibleParty">Cited responsible party</name>
	<name tagname="gmd:city">City</name>
	<name tagname="gmd:classification">Classification</name>
	<name tagname="gmd:classificationSystem">Classification system</name>
	<name tagname="gmd:cloudCoverPercentage">Cloud cover percentage</name>
	<name tagname="gmd:code">Code</name>
	<name tagname="gmd:codeSpace">Code Space</name>
	<name tagname="gmd:collectiveTitle">Collective title</name>
	<name tagname="gmd:complianceCode">Compliance code</name>
	<name tagname="gmd:composedOf">Composed of</name>
	<name tagname="gmd:compressionGenerationQuantity">Compression generation quantity</name>
	<name tagname="gmd:condition">Condition</name>
	<name tagname="gmd:constraintLanguage">Constraint language</name>
	<name tagname="gmd:contact">Metadata author</name>
	<name tagname="gmd:contact">Metadata author</name>
	<name tagname="gmd:contactInfo">Contact info</name>
	<name tagname="gmd:contactInstructions">Contact instructions</name>
	<name tagname="gmd:contentInfo">Content info</name>
	<name tagname="gmd:contentType">Content type</name>
	<name tagname="gmd:controlPointAvailability">Control point availability</name>
	<name tagname="gmd:cornerPoints">Corner points</name>
	<name tagname="gmd:Country">Country</name>
	<name tagname="gmd:country">Country</name>
	<name tagname="gmd:country">Country</name>
	<name tagname="gmd:credit">Credit</name>
	<name tagname="gmd:dataQualityInfo">Data quality info</name>
	<name tagname="gmd:dataset">Dataset Set</name>
	<name tagname="gmd:dataSetURI">Dataset URI</name>
	<name tagname="gmd:dataType">Data type</name>
	<name tagname="gmd:date">Date</name>
	<name tagname="gmd:dateOfNextUpdate">Date of next update</name>
	<name tagname="gmd:dateStamp">Date stamp</name>
	<name tagname="gmd:dateTime">Date and time</name>
	<name tagname="gmd:dateType">Date type</name>
	<name tagname="gmd:definition">Definition</name>
	<name tagname="gmd:deliveryPoint">Delivery point</name>
	<name tagname="gmd:denominator">Denominator</name>
	<name tagname="gmd:density">Density</name>
	<name tagname="gmd:densityUnits">Density units</name>
	<name tagname="gmd:describes">Describes</name>
	<name tagname="gmd:description">Description</name>
	<name tagname="gmd:descriptiveKeywords">Descriptive keywords</name>
	<name tagname="gmd:descriptor">Descriptor</name>
	<name tagname="gmd:dimension">Dimension</name>
	<name tagname="gmd:dimensionName">Dimension name</name>
	<name tagname="gmd:dimensionSize">Dimension size</name>
	<name tagname="gmd:distance">Distance</name>
	<name tagname="gmd:distributionFormat">Distribution format</name>
	<name tagname="gmd:distributionInfo">Distribution info</name>
	<name tagname="gmd:distributionOrderProcess">Distribution Order Process</name>
	<name tagname="gmd:distributor">Distributor</name>
	<name tagname="gmd:distributorContact">Distributor contact</name>
	<name tagname="gmd:distributorFormat">Distributor format</name>
	<name tagname="gmd:distributorTransferOptions">Distributor transfer options</name>
	<name tagname="gmd:domainCode">Domain code</name>
	<name tagname="gmd:domainOfValidity">Domain of validity</name>
	<name tagname="gmd:domainValue">Domain value</name>
	<name tagname="gmd:DQ_AbsoluteExternalPositionalAccuracy">Absolute external positional accuracy</name>
	<name tagname="gmd:DQ_AccuracyOfATimeMeasurement">Accuracy of time measurement</name>
	<name tagname="gmd:DQ_CompletenessCommission">Completeness commission</name>
	<name tagname="gmd:DQ_CompletenessOmission">Completeness omission</name>
	<name tagname="gmd:DQ_ConceptualConsistency">Conceptual consistency</name>
	<name tagname="gmd:DQ_ConformanceResult">Conformance result</name>
	<name tagname="gmd:DQ_DataQuality">Data quality</name>
	<name tagname="gmd:DQ_DomainConsistency">Domain consistency</name>
	<name tagname="gmd:DQ_EvaluationMethodTypeCode">Evaluation method type code</name>
	<name tagname="gmd:DQ_FormatConsistency">Format consistency</name>
	<name tagname="gmd:DQ_GriddedDataPositionalAccuracy">Gridded data positional accuracy</name>
	<name tagname="gmd:DQ_NonQuantitativeAttributeAccuracy">Non quantitative attribute accuracy</name>
	<name tagname="gmd:DQ_QuantitativeAttributeAccuracy">Quantitative attribute accuracy</name>
	<name tagname="gmd:DQ_QuantitativeResult">Quantitative result</name>
	<name tagname="gmd:DQ_RelativeInternalPositionalAccuracy">Relative internal positional accuracy</name>
	<name tagname="gmd:DQ_Scope">Scope</name>
	<name tagname="gmd:DQ_TemporalConsistency">Temporal consistency</name>
	<name tagname="gmd:DQ_TemporalValidity">Temporal validity</name>
	<name tagname="gmd:DQ_ThematicClassificationCorrectness">Thematic classification correctness</name>
	<name tagname="gmd:DQ_TopologicalConsistency">Topological consistency</name>
	<name tagname="gmd:DS_Association">Association</name>
	<name tagname="gmd:DS_AssociationTypeCode">Association type code</name>
	<name tagname="gmd:DS_AssociationTypeCode">Association type code</name>
	<name tagname="gmd:DS_DataSet">DataSet</name>
	<name tagname="gmd:DS_Initiative">Initiative</name>
	<name tagname="gmd:DS_InitiativeTypeCode">Initiative type code</name>
	<name tagname="gmd:DS_OtherAggregate">Other Aggregate</name>
	<name tagname="gmd:DS_Platform">Platform</name>
	<name tagname="gmd:DS_ProductionSeries">Production Series</name>
	<name tagname="gmd:DS_Sensor">Sensor</name>
	<name tagname="gmd:DS_Series">Series</name>
	<name tagname="gmd:DS_StereoMate">Stereo Mate</name>
	<name tagname="gmd:eastBoundLongitude">East bound longitude</name>
	<name tagname="gmd:edition">Edition</name>
	<name tagname="gmd:editionDate">Edition date</name>
	<name tagname="gmd:electronicMailAddress">Electronic mail address</name>
	<name tagname="gmd:environmentDescription">Environment description</name>
	<name tagname="gmd:equivalentScale">Equivalent scale</name>
	<name tagname="gmd:errorStatistic">Error statistic</name>
	<name tagname="gmd:evaluationMethodDescription">Evaluation method description</name>
	<name tagname="gmd:evaluationMethodType">Evaluation method type code</name>
	<name tagname="gmd:evaluationProcedure">Evaluation procedure</name>
	<name tagname="gmd:EX_BoundingPolygon">BoundingPolygon</name>
	<name tagname="gmd:EX_Extent">Extent</name>
	<name tagname="gmd:EX_GeographicBoundingBox">Geographic bounding box</name>
	<name tagname="gmd:EX_GeographicDescription">Geographic description</name>
	<name tagname="gmd:EX_SpatialTemporalExtent">Spatial Temporal Extent</name>
	<name tagname="gmd:EX_TemporalExtent">Temporal extent</name>
	<name tagname="gmd:EX_VerticalExtent">Vertical extent</name>
	<name tagname="gmd:explanation">Explanation</name>
	<name tagname="gmd:extendedElementInformation">Extended element information</name>
	<name tagname="gmd:extensionOnLineResource">Extension Online resource</name>
	<name tagname="gmd:extent">Extent</name>
	<name tagname="gmd:extentTypeCode">Extent type code</name>
	<name tagname="gmd:facsimile">Facsimile</name>
	<name tagname="gmd:featureAttribute">Feature Attribute</name>
	<name tagname="gmd:featureCatalogueCitation">Feature catalogue citation</name>
	<name tagname="gmd:featureInstances">Feature instances</name>
	<name tagname="gmd:features">Features</name>
	<name tagname="gmd:featureType">FeatureType</name>
	<name tagname="gmd:featureTypes">Feature types</name>
	<name tagname="gmd:fees">Fees</name>
	<name tagname="gmd:fileDecompressionTechnique">File decompression technique</name>
	<name tagname="gmd:fileDescription">File description</name>
	<name tagname="gmd:fileIdentifier">File identifier</name>
	<name tagname="gmd:fileName">File name</name>
	<name tagname="gmd:fileType">File type</name>
	<name tagname="gmd:filmDistortionInformationAvailability">Film distortion information availability</name>
	<name tagname="gmd:formatDistributor">Format distributor</name>
	<name tagname="gmd:function">Function</name>
	<name tagname="gmd:geographicElement">Geographic element</name>
	<name tagname="gmd:geographicIdentifier">Geographic identifier</name>
	<name tagname="gmd:geometricObjectCount">Geometric object count</name>
	<name tagname="gmd:geometricObjects">Geometric objects</name>
	<name tagname="gmd:geometricObjectType">Geometric object type</name>
	<name tagname="gmd:georeferencedParameters">Georeferenced Parameters</name>
	<name tagname="gmd:graphicOverview">Graphic overview</name>
	<name tagname="gmd:graphicsFile">Graphics file</name>
	<name tagname="gmd:handlingDescription">Handling description</name>
	<name tagname="gmd:has">has</name>
	<name tagname="gmd:hierarchyLevel">Hierarchy level</name>
	<name tagname="gmd:hierarchyLevelName">Hierarchy level name</name>
	<name tagname="gmd:hoursOfService">Hours of service</name>
	<name tagname="gmd:identificationInfo">Identification info</name>
	<name tagname="gmd:identifier">Identifier</name>
	<name tagname="gmd:illuminationAzimuthAngle">Illumination azimuth angle</name>
	<name tagname="gmd:illuminationElevationAngle">Illumination elevation angle</name>
	<name tagname="gmd:imageQualityCode">Image quality code</name>
	<name tagname="gmd:imagingCondition">Imaging condition</name>
	<name tagname="gmd:includedWithDataset">Included with dataset</name>
	<name tagname="gmd:individualName">Individual name</name>
	<name tagname="gmd:initiativeType">Initiative Type</name>
	<name tagname="gmd:ISBN">ISBN</name>
	<name tagname="gmd:ISSN">ISSN</name>
	<name tagname="gmd:issueIdentification">Issue identification</name>
	<name tagname="gmd:keyword">Keyword</name>
	<name tagname="gmd:language">Language</name>
	<name tagname="gmd:LanguageCode">Language Code</name>
	<name tagname="gmd:languageCode">Language code</name>
	<name tagname="gmd:lensDistortionInformationAvailability">Lens distortion information availability</name>
	<name tagname="gmd:level">Hierarchy level</name>
	<name tagname="gmd:levelDescription">Level description</name>
	<name tagname="gmd:LI_Lineage">Lineage</name>
	<name tagname="gmd:LI_ProcessStep">Process step</name>
	<name tagname="gmd:LI_Source">Source</name>
	<name tagname="gmd:lineage">Lineage</name>
	<name tagname="gmd:linkage">Linkage</name>
	<name tagname="gmd:locale">Locale</name>
	<name tagname="gmd:LocalisedCharacterString">Localised Character String</name>
	<name tagname="gmd:localisedString">Localised String</name>
	<name tagname="gmd:maintenanceAndUpdateFrequency">Maintenance and update frequency</name>
	<name tagname="gmd:maintenanceNote">Maintenance note</name>
	<name tagname="gmd:maximumOccurrence">Maximum occurrence</name>
	<name tagname="gmd:maximumValue">Maximum value</name>
	<name tagname="gmd:maxValue">Maximum value</name>
	<name tagname="gmd:MD_AggregateInformation">AggregateInformation</name>
	<name tagname="gmd:MD_ApplicationSchemaInformation">Application schema info</name>
	<name tagname="gmd:MD_Band">Band</name>
	<name tagname="gmd:MD_BrowseGraphic">BrowseGraphic</name>
	<name tagname="gmd:MD_CellGeometryCode">Cell geometry code</name>
	<name tagname="gmd:MD_CharacterSetCode">Character set code</name>
	<name tagname="gmd:MD_ClassificationCode">Classification code</name>
	<name tagname="gmd:MD_Constraints">Constraints</name>
	<name tagname="gmd:MD_CoverageContentTypeCode">Content type code</name>
	<name tagname="gmd:MD_CoverageDescription">Coverage description</name>
	<name tagname="gmd:MD_DataIdentification">Data identification</name>
	<name tagname="gmd:MD_DatatypeCode">Data type code</name>
	<name tagname="gmd:MD_DigitalTransferOptions">Digital transfer options</name>
	<name tagname="gmd:MD_Dimension">Dimension</name>
	<name tagname="gmd:MD_DimensionNameTypeCode">Dimension name type code</name>
	<name tagname="gmd:MD_Distribution">Distribution</name>
	<name tagname="gmd:MD_DistributionUnits">DistributionUnits</name>
	<name tagname="gmd:MD_Distributor">Distributor</name>
	<name tagname="gmd:MD_ExtendedElementInformation">Extended elemen information</name>
	<name tagname="gmd:MD_FeatureCatalogueDescription">Feature catalogue description</name>
	<name tagname="gmd:MD_Format">Format</name>
	<name tagname="gmd:MD_GeometricObjects">Geometric objects</name>
	<name tagname="gmd:MD_GeometricObjectTypeCode">Geometric object type code</name>
	<name tagname="gmd:MD_Georectified">Georectified</name>
	<name tagname="gmd:MD_Georeferenceable">Georeferenceable</name>
	<name tagname="gmd:MD_GridSpatialRepresentation">Grid spatial representation</name>
	<name tagname="gmd:MD_Identifier">Identifier</name>
	<name tagname="gmd:MD_ImageDescription">Image description</name>
	<name tagname="gmd:MD_ImagingConditionCode">Imaging condition code</name>
	<name tagname="gmd:MD_Keywords">Keywords</name>
	<name tagname="gmd:MD_KeywordTypeCode">Keyword type code</name>
	<name tagname="gmd:MD_LegalConstraints">Legal constraints</name>
	<name tagname="gmd:MD_MaintenanceFrequencyCode">Maintenance frequency code</name>
	<name tagname="gmd:MD_MaintenanceInformation">Maintenance information</name>
	<name tagname="gmd:MD_Medium">Medium</name>
	<name tagname="gmd:MD_MediumFormatCode">Medium format</name>
	<name tagname="gmd:MD_MediumNameCode">Medium name code</name>
	<name tagname="gmd:MD_Metadata">Metadata</name>
	<name tagname="gmd:MD_MetadataExtensionInformation">Metadata extension info</name>
	<name tagname="gmd:MD_ObligationCode">Obligation code</name>
	<name tagname="gmd:MD_PixelOrientationCode">Pixel orientation code</name>
	<name tagname="gmd:MD_PortrayalCatalogueReference">Portrayal catalogue reference</name>
	<name tagname="gmd:MD_ProgressCode">Progress code</name>
	<name tagname="gmd:MD_RangeDimension">Range dimension</name>
	<name tagname="gmd:MD_ReferenceSystem">Reference system</name>
	<name tagname="gmd:MD_RepresentativeFraction">Representative fraction</name>
	<name tagname="gmd:MD_Resolution">Resolution</name>
	<name tagname="gmd:MD_RestrictionCode">Restriction code</name>
	<name tagname="gmd:MD_ScopeCode">Scope code</name>
	<name tagname="gmd:MD_ScopeDescription">Scope description</name>
	<name tagname="gmd:MD_SecurityConstraints">Security constraints</name>
	<name tagname="gmd:MD_ServiceIdentification">MD Service identification</name>
	<name tagname="gmd:MD_ServiceIdentification">Service identification</name>
	<name tagname="gmd:MD_SpatialRepresentationTypeCode">Spatial representation type code</name>
	<name tagname="gmd:MD_StandardOrderProcess">Standard order process</name>
	<name tagname="gmd:MD_TopicCategoryCode">Topic category code</name>
	<name tagname="gmd:MD_TopologyLevelCode">Topology level code</name>
	<name tagname="gmd:MD_Usage">Usage</name>
	<name tagname="gmd:MD_VectorSpatialRepresentation">Vector spatial representation</name>
	<name tagname="gmd:measureDescription">Measure description</name>
	<name tagname="gmd:measureIdentification">Measure identification</name>
	<name tagname="gmd:mediumFormat">Medium format</name>
	<name tagname="gmd:mediumNote">Medium note</name>
	<name tagname="gmd:metadataConstraints">Metadata constraints</name>
	<name tagname="gmd:metadataExtensionInfo">Metadata extension info</name>
	<name tagname="gmd:metadataMaintenance">Metadata maintenance</name>
	<name tagname="gmd:metadataStandardName">Metadata standard name</name>
	<name tagname="gmd:metadataStandardVersion">Metadata standard version</name>
	<name tagname="gmd:minimumValue">Minimum value</name>
	<name tagname="gmd:minValue">Minimum value</name>
	<name tagname="gmd:name">Name</name>
	<name tagname="gmd:nameOfMeasure">Name of measure</name>
	<name tagname="gmd:northBoundLatitude">North bound latitude</name>
	<name tagname="gmd:numberOfDimensions">Number of dimensions</name>
	<name tagname="gmd:obligation">Obligation</name>
	<name tagname="gmd:offLine">Offline</name>
	<name tagname="gmd:offset">Offset</name>
	<name tagname="gmd:onLine">Online</name>
	<name tagname="gmd:onlineResource">Online Resource</name>
	<name tagname="gmd:orderingInstructions">Ordering instructions</name>
	<name tagname="gmd:organisationName">Organisation name</name>
	<name tagname="gmd:orientationParameterAvailability">Orientation parameter availability</name>
	<name tagname="gmd:orientationParameterDescription">Orientation parameter description</name>
	<name tagname="gmd:other">Other</name>
	<name tagname="gmd:otherCitationDetails">Other citation details</name>
	<name tagname="gmd:otherConstraints">Other constraints</name>
	<name tagname="gmd:page">Page</name>
	<name tagname="gmd:parameterCitation">Parameter citation</name>
	<name tagname="gmd:parentEntity">Parent entity</name>
	<name tagname="gmd:parentIdentifier">Parent identifier</name>
	<name tagname="gmd:partOf">part of</name>
	<name tagname="gmd:pass">Pass</name>
	<name tagname="gmd:peakResponse">Peak response</name>
	<name tagname="gmd:phone">Phone</name>
	<name tagname="gmd:plannedAvailableDateTime">Planned available date and time</name>
	<name tagname="gmd:pointInPixel">Point in pixel</name>
	<name tagname="gmd:pointOfContact">Point of contact</name>
	<name tagname="gmd:polygon">Polygon</name>
	<name tagname="gmd:portrayalCatalogueCitation">Portrayal catalogue citation</name>
	<name tagname="gmd:portrayalCatalogueInfo">Portrayal catalogue info</name>
	<name tagname="gmd:positionName">Position name</name>
	<name tagname="gmd:postalCode">Postal code</name>
	<name tagname="gmd:presentationForm">Presentation form</name>
	<name tagname="gmd:processingLevelCode">Processing level code</name>
	<name tagname="gmd:processor">Processor</name>
	<name tagname="gmd:processStep">Process step</name>
	<name tagname="gmd:propertyType">propertyType</name>
	<name tagname="gmd:protocol">Protocol</name>
	<name tagname="gmd:PT_FreeText">Free text</name>
	<name tagname="gmd:PT_Locale">Locale</name>
	<name tagname="gmd:PT_LocaleContainer">Locale Container</name>
	<name tagname="gmd:purpose">Purpose</name>
	<name tagname="gmd:radiometricCalibrationDataAvailability">Radiometric calibration data availability</name>
	<name tagname="gmd:rationale">Rationale</name>
	<name tagname="gmd:referenceSystemIdentifier">Reference system identifier</name>
	<name tagname="gmd:referenceSystemInfo">Reference system info</name>
	<name tagname="gmd:report">Report</name>
	<name tagname="gmd:resolution">Resolution</name>
	<name tagname="gmd:resourceConstraints">Resource constraints</name>
	<name tagname="gmd:resourceFormat">Resource format</name>
	<name tagname="gmd:resourceMaintenance">Resource maintenance</name>
	<name tagname="gmd:resourceSpecificUsage">Resource specific usage</name>
	<name tagname="gmd:responsibleParty">Responsible Party</name>
	<name tagname="gmd:result">Result</name>
	<name tagname="gmd:role">Role</name>
	<name tagname="gmd:RS_Identifier">RS Identifier</name>
	<name tagname="gmd:rule">Rule</name>
	<name tagname="gmd:scaleDenominator">Scale</name>
	<name tagname="gmd:scaleFactor">Scale factor</name>
	<name tagname="gmd:schemaAscii">Schema ascii</name>
	<name tagname="gmd:schemaLanguage">Schema language</name>
	<name tagname="gmd:scope">Scope</name>
	<name tagname="gmd:sequenceIdentifier">Sequence identifier</name>
	<name tagname="gmd:series">Series</name>
	<name tagname="gmd:seriesMetadata">seriesMetadata</name>
	<name tagname="gmd:shortName">Short name</name>
	<name tagname="gmd:softwareDevelopmentFile">Software development file</name>
	<name tagname="gmd:softwareDevelopmentFileFormat">Software development file format</name>
	<name tagname="gmd:source">Source</name>
	<name tagname="gmd:sourceCitation">Source citation</name>
	<name tagname="gmd:sourceExtent">Source extent</name>
	<name tagname="gmd:sourceReferenceSystem">Source reference system</name>
	<name tagname="gmd:sourceStep">Source step</name>
	<name tagname="gmd:southBoundLatitude">South bound latitude</name>
	<name tagname="gmd:spatialExtent">Spatial extent</name>
	<name tagname="gmd:spatialRepresentationInfo">Spatial representation info</name>
	<name tagname="gmd:spatialRepresentationType">Spatial representation type</name>
	<name tagname="gmd:spatialResolution">Spatial resolution</name>
	<name tagname="gmd:specification">Specification</name>
	<name tagname="gmd:specification">Specification</name>
	<name tagname="gmd:specificUsage">Specific usage</name>
	<name tagname="gmd:statement">Statement</name>
	<name tagname="gmd:status">Status</name>
	<name tagname="gmd:subset">Subset</name>
	<name tagname="gmd:superset">Superset</name>
	<name tagname="gmd:supplementalInformation">Supplemental Information</name>
	<name tagname="gmd:temporalElement">Temporal element</name>
	<name tagname="gmd:textGroup">Text Group</name>
	<name tagname="gmd:thesaurusName">Thesaurus name</name>
	<name tagname="gmd:title">Title</name>
	<name tagname="gmd:toneGradation">Tone gradation</name>
	<name tagname="gmd:topicCategory">Topic category</name>
	<name tagname="gmd:topologyLevel">Topology level</name>
	<name tagname="gmd:transferOptions">Transfer options</name>
	<name tagname="gmd:transferSize">Transfer size</name>
	<name tagname="gmd:transformationDimensionDescription">Transformation dimension description</name>
	<name tagname="gmd:transformationDimensionMapping">Transformation dimension mapping</name>
	<name tagname="gmd:transformationParameterAvailability">Transformation parameter availability</name>
	<name tagname="gmd:triangulationIndicator">Triangulation indicator</name>
	<name tagname="gmd:turnaround">Turnaround</name>
	<name tagname="gmd:type">Type</name>
	<name tagname="gmd:units">Value unit</name>
	<name tagname="gmd:unitsOfDistribution">Units of distribution</name>
	<name tagname="gmd:updateScope">Update scope</name>
	<name tagname="gmd:updateScopeDescription">Update scope description</name>
	<name tagname="gmd:URL">URL</name>
	<name tagname="gmd:usageDateTime">Usage date and time</name>
	<name tagname="gmd:useConstraints">Use constraints</name>
	<name tagname="gmd:useLimitation">Use limitation</name>
	<name tagname="gmd:userContactInfo">User contact info</name>
	<name tagname="gmd:userDefinedMaintenanceFrequency">User defined maintenance frequency</name>
	<name tagname="gmd:userDeterminedLimitations">User determined limitations</name>
	<name tagname="gmd:userNote">User note</name>
	<name tagname="gmd:value">Value</name>
	<name tagname="gmd:valueType">Value type</name>
	<name tagname="gmd:valueUnit">Value unit</name>
	<name tagname="gmd:version">Version</name>
	<name tagname="gmd:verticalCRS">Vertical CRS</name>
	<name tagname="gmd:verticalElement">Vertical element</name>
	<name tagname="gmd:voice">Voice</name>
	<name tagname="gmd:volumes">Volumes</name>
	<name tagname="gmd:westBoundLongitude">West bound longitude</name>
	<!-- === GMI namespace -->
	<name tagname="gmi:AbstractMI_GeolocationInformation">Geolocation Information</name>
	<name tagname="gmi:accuracyReport">Accuracy report</name>
	<name tagname="gmi:acquisitionInformation">Acquisition</name>
	<name tagname="gmi:acquisitionPlan">Acquisition plan</name>
	<name tagname="gmi:acquisitionRequirement">Acquisition requirement</name>
	<name tagname="gmi:algorithm">Algorithm</name>
	<name tagname="gmi:averageAirTemperature">Average air temperature</name>
	<name tagname="gmi:bandBoundaryDefinition">Band boundary definition</name>
	<name tagname="gmi:checkPoint">Check point</name>
	<name tagname="gmi:childOperation">Child operation</name>
	<name tagname="gmi:collectionIdentification">Collection Identification</name>
	<name tagname="gmi:collectionName">Collection name</name>
	<name tagname="gmi:context">Context</name>
	<name tagname="context">Context</name>
	<name tagname="gmi:coordinateReferenceSystem">Coordinate Reference System</name>
	<name tagname="gmi:description">Description</name>
	<name tagname="gmi:definition">Definition</name>
	<name tagname="gmi:detectedPolarisation">Detected polarisation</name>
	<name tagname="gmi:documentation">Documentation</name>
	<name tagname="gmi:environmentalConditions">Environmental conditions</name>
	<name tagname="gmi:expectedObjective">Expected Objective</name>
	<name tagname="gmi:expiryDate">Expiry Date</name>
	<name tagname="gmi:extent">Extent</name>
	<name tagname="gmi:fileType">File Type</name>
	<name tagname="gmi:gcp">GCP</name>
	<name tagname="gmi:geographicCoordinates">Geographic Coordinates</name>
	<name tagname="gmi:geolocationIdentification">Geolocation Identification</name>
	<name tagname="gmi:geolocationInformation">Geolocation Information</name>
	<name tagname="gmi:groundResolution">Ground Resolution</name>
	<name tagname="gmi:identifier">Identifier</name>
	<name tagname="identifier">Identifier</name>
	<name tagname="gmi:instrument">Instrument</name>
	<name tagname="gmi:latestAcceptableDate">Latest Acceptable Date</name>
	<name tagname="gmi:LE_Algorithm">Algorithm</name>
	<name tagname="gmi:LE_NominalResolution">Nominal Resolution</name>
	<name tagname="gmi:LE_Processing">Processing</name>
	<name tagname="gmi:LE_ProcessStep">Process Step</name>
	<name tagname="gmi:LE_ProcessStepReport">Process Step Report</name>
	<name tagname="gmi:LE_Source">Source</name>
	<name tagname="gmi:maxAltitude">Max Altitude</name>
	<name tagname="gmi:maxRelativeHumidity">Max Relative Humidity</name>
	<name tagname="gmi:meteorologicalConditions">Meteorological Conditions</name>
	<name tagname="gmi:MI_AcquisitionInformation">Acquisition Information</name>
	<name tagname="gmi:MI_Band">Band</name>
	<name tagname="gmi:MI_BandDefinition">Band Definition</name>
	<name tagname="gmi:MI_ContextCode">Context Code</name>
	<name tagname="MI_ContextCode">Context Code</name>
	<name tagname="gmi:MI_CoverageDescription">Coverage Description</name>
	<name tagname="gmi:MI_EnvironmentalRecord">Environmental Record</name>
	<name tagname="gmi:MI_Event">Event</name>
	<name tagname="MI_Event">Event</name>
	<name tagname="gmi:MI_GCP">GCP</name>
	<name tagname="gmi:MI_GCPCollection">GCP Collection</name>
	<name tagname="gmi:MI_GeometryTypeCode">Geometry Type Code</name>
	<name tagname="gmi:MI_Georectified">Georectified</name>
	<name tagname="gmi:MI_Georeferenceable">Georeferenceable</name>
	<name tagname="gmi:MI_ImageDescription">Image Description</name>
	<name tagname="gmi:MI_Instrument">Instrument</name>
	<name tagname="gmi:MI_Objective">Objective</name>
	<name tagname="gmi:MI_Metadata">Metadata</name>
	<name tagname="gmi:MI_ObjectiveTypeCode">Objective Type Code</name>
	<name tagname="gmi:MI_Operation">Operation</name>
	<name tagname="MI_Operation">Operation</name>
	<name tagname="gmi:MI_OperationTypeCode">Operation Type Code</name>
	<name tagname="gmi:MI_Plan">Plan</name>
	<name tagname="gmi:MI_Platform">Platform</name>
	<name tagname="gmi:MI_PlatformPass">Platform Pass</name>
	<name tagname="gmi:MI_PolarisationOrientationCode">Polarisation Orientation Code</name>
	<name tagname="gmi:MI_PriorityCode">Priority Code</name>
	<name tagname="gmi:MI_RangeElementDescription">Range Element Description</name>
	<name tagname="gmi:MI_RequestedDate">Requested Date</name>
	<name tagname="gmi:MI_Requirement">Requirement</name>
	<name tagname="gmi:MI_SensorTypeCode">Sensor Type Code</name>
	<name tagname="gmi:MI_SequenceCode">Sequence Code</name>
	<name tagname="MI_SequenceCode">Sequence Code</name>
	<name tagname="gmi:MI_TransferFunctionTypeCode">Transfer Function Type Code</name>
	<name tagname="gmi:MI_TriggerCode">Trigger Code</name>
	<name tagname="MI_TriggerCode">Trigger Code</name>
	<name tagname="gmi:mountedOn">Mounted On</name>
	<name tagname="gmi:name">Name</name>
	<name tagname="gmi:nominalSpatialResolution">Nominal Spatial Resolution</name>
	<name tagname="gmi:objective">Objective</name>
	<name tagname="objective">Objective</name>
	<name tagname="gmi:objectiveOccurance">ObjectiveOccurance</name>
	<name tagname="gmi:operation">Operation Information</name>
	<name tagname="gmi:operation">Operation Information</name>
	<name tagname="gmi:output">Output</name>
	<name tagname="gmi:parentOperation">Parent Operation</name>
	<name tagname="parentOperation">Parent Operation</name>
	<name tagname="gmi:pass">Pass</name>
	<name tagname="gmi:plan">Plan</name>
	<name tagname="gmi:platform">Platform</name>
	<name tagname="gmi:platformParameters">Platform Parameters</name>
	<name tagname="gmi:priority">Priority</name>
	<name tagname="gmi:procedureDescription">Procedure Description</name>
	<name tagname="gmi:processedLevel">Processed Level</name>
	<name tagname="gmi:processingInformation">Processing Information</name>
	<name tagname="gmi:QE_CoverageResult">Coverage Result</name>
	<name tagname="gmi:QE_Usability">Usability</name>
	<name tagname="gmi:qualityInfo">Quality Info</name>
	<name tagname="gmi:rangeElement">Range Element</name>
	<name tagname="gmi:rangeElementDescription">Range Element Description</name>
	<name tagname="gmi:recipient">Recipient</name>
	<name tagname="gmi:relatedEvent">Related Event</name>
	<name tagname="gmi:relatedPass">Related Pass</name>
	<name tagname="gmi:relatedSensor">Related Sensor</name>
	<name tagname="gmi:report">Report</name>
	<name tagname="gmi:requestedDate">Requested Date</name>
	<name tagname="gmi:requestedDateOfCollection">Requested Date of Collection</name>
	<name tagname="gmi:requestor">Requestor</name>
	<name tagname="gmi:resolution">Resolution</name>
	<name tagname="gmi:resultContentDescription">Result Content Description</name>
	<name tagname="gmi:resultFile">Result File</name>
	<name tagname="gmi:resultFormat">Result Format</name>
	<name tagname="gmi:resultSpatialRepresentation">Result Spatial Representation</name>
	<name tagname="gmi:runTimeParameters">Run Time Parameters</name>
	<name tagname="gmi:satisfiedRequirement">Satisfied Requirement</name>
	<name tagname="gmi:satisifiedPlan">Satisified Plan</name>
	<name tagname="gmi:scanningResolution">Scanning Resolution</name>
	<name tagname="gmi:sensingInstrument">Sensing Instrument</name>
	<name tagname="gmi:sequence">Sequence</name>
	<name tagname="sequence">Sequence</name>
	<name tagname="gmi:significantEvent">Significant Event</name>
	<name tagname="significantEvent">Significant Event</name>
	<name tagname="gmi:softwareReference">Software Reference</name>
	<name tagname="gmi:sponsor">Sponsor</name>
	<name tagname="gmi:status">Status</name>
	<name tagname="status">Status</name>
	<name tagname="gmi:time">Time</name>
	<name tagname="time">Time</name>
	<name tagname="gmi:transferFunctionType">Transfer function type</name>
	<name tagname="gmi:transmittedPolarisation">Transmitted polarisation</name>
	<name tagname="gmi:trigger">Trigger</name>
	<name tagname="trigger">Trigger</name>
	<name tagname="gmi:type">Type</name>
	<!-- === GML namespace -->
	<name tagname="gml:a">a</name>
	<name tagname="gml:b">b</name>
	<name tagname="gml:begin">Begin</name>
	<name tagname="gml:beginPosition">Begin date</name>
	<name tagname="gml:c">c</name>
	<name tagname="gml:ConventionalUnit">Conventional unit</name>
	<name tagname="gml:conversionToPreferredUnit">Conversion to preferred unit</name>
	<name tagname="gml:coordinates">Coordinates</name>
	<name tagname="gml:description">Description</name>
	<name tagname="gml:end">End</name>
	<name tagname="gml:endPosition">End date</name>
	<name tagname="gml:exterior">Outer boundary</name>
	<name tagname="gml:formula">Formula</name>
	<name tagname="gml:id">Identifier</name>
	<name tagname="gml:identifier">Identifier</name>
	<name tagname="gml:interior">Inner boundary</name>
	<name tagname="gml:LinearRing">Linear ring</name>
	<name tagname="gml:LineString">Line</name>
	<name tagname="gml:Point">Point</name>
	<name tagname="gml:Polygon">Polygon</name>
	<name tagname="gml:relatedTime">Related time</name>
	<name tagname="gml:TimeInstant">Time instant</name>
	<name tagname="gml:TimePeriod">Time period</name>
	<name tagname="gml:timePosition">Time position</name>
	<name tagname="gml:BaseUnit">Base unit</name>
	<name tagname="gml:unitsSystem">Units system</name>
	<!-- All XML attributes declared in the GML schema are defined without namespace, the only exception is the gml:id XML attribute. -->
	<name tagname="srsName">Spatial Reference System Name</name>
	<!-- === SRV namespace for 19119 service metadata -->
	<name tagname="srv:SV_ServiceIdentification">Service Identification (19119)</name>
	<name tagname="srv:serviceType">Service Type</name>
	<name tagname="srv:serviceTypeVersion">Service Version</name>
	<name tagname="srv:accessProperties">Access Properties</name>
	<name tagname="srv:restrictions">Restrictions</name>
	<name tagname="srv:containsOperations">Contains Operations</name>
	<name tagname="srv:operatesOn">Operates On</name>
	<name tagname="srv:operationName">Operation Name</name>
	<name tagname="srv:SV_OperationMetadata">Operation</name>
	<name tagname="srv:DCP">Distributed Computing Platforms</name>
	<name tagname="srv:DCPList">Distributed Computing Platforms List</name>
	<name tagname="srv:operationDescription">Operation Description</name>
	<name tagname="srv:invocationName">Invocation Name</name>
	<name tagname="srv:parameters">Parameters</name>
	<name tagname="srv:connectPoint">Connect Point</name>
	<name tagname="srv:dependsOn">Depends On</name>
	<name tagname="srv:providerName">Provider Name</name>
	<name tagname="srv:serviceContact">Service Contact</name>
	<name tagname="srv:name">Name</name>
	<name tagname="srv:description">Description</name>
	<name tagname="srv:optionality">Optionality</name>
	<name tagname="srv:repeatability">Repeatability</name>
	<name tagname="srv:coupledResource">Coupled Resource</name>
	<name tagname="srv:SV_CoupledResource">Coupled Resource</name>
	<name tagname="srv:identifier">Identifier</name>
	<name tagname="srv:couplingType">Coupling Type</name>
	<name tagname="srv:SV_CouplingType">Coupling Type</name>
	<name tagname="srv:extent">Extent</name>
	<name tagname="srv:keywords">Keywords</name>
	<!-- === GCO namespace -->
	<!--
		<name tagname="gco:CharacterString">Character String</name>
		<name tagname="gco:Date">Date</name>
		<name tagname="gco:DateTime">Date and time</name>
		<name tagname="gco:Measure">Measure</name>
	-->
	<!-- === GTS namespace                                    -->
	<name tagname="gts:TM_PeriodDuration">Period duration</name>
	<!-- === GMX namespace                                    -->
	<name tagname="gmx:Anchor">Anchor</name>
	<name tagname="gmx:name">Name</name>
	<name tagname="gmx:scope">Scope</name>
	<name tagname="gmx:versionNumber">Version number</name>
	<name tagname="gmx:versionDate">Version date</name>
	<name tagname="gmx:language">Language</name>
	<name tagname="gmx:characterSet">Character set</name>
	<name tagname="gmx:FileName">File Name</name>
	<name tagname="gmx:MX_ScopeCode">MX_ScopeCode</name>
	<name tagname="gmx:MimeFileType">Mime File Type</name>	
	<!-- === Biological Extensions                              -->
	<name tagname="gmd:taxonomy">Taxonomy</name>
	<name tagname="gmd:MD_TaxonSys">Taxonomic System</name>
	<name tagname="gmd:classSys">Classification System Authority</name>
	<name tagname="gmd:classmod">Classification System Modifications</name>
	<name tagname="gmd:taxongen">General Taxonomic Scope</name>
	<name tagname="gmd:idref">Identification Reference</name>
	<name tagname="gmd:obs">Observer</name>
	<name tagname="gmd:taxonpro">Taxonomic Procedures</name>
	<name tagname="gmd:taxoncom">Taxonomic Completeness</name>
	<name tagname="gmd:voucher">Voucher Information</name>
	<name tagname="gmd:MD_Vouchers">Vouchers</name>
	<name tagname="gmd:specimen">Specimen</name>
	<name tagname="gmd:reposit">Repository</name>
	<name tagname="gmd:taxonCl">Taxonomic Classification Information</name>
	<name tagname="gmd:MD_TaxonCl">Taxonomic Classification</name>
	<name tagname="gmd:common">Common Name</name>
	<name tagname="gmd:taxonrn">Taxonomic Rank Name</name>
	<name tagname="gmd:taxonrv">Taxonomic Rank Value</name>
	<name tagname="gmd:hiclass">Hierarchical Classification</name>
	<!--===GFC namespace-->
	<name tagname="gfc:FC_FeatureCatalogue">Feature Catalogue</name>
	<name tagname="gfc:featureType">Feature Type Information</name>
	<name tagname="gfc:FC_FeatureType">Feature type</name>
	<name tagname="gfc:typeName">Type name</name>
	<name tagname="gfc:definition">Definition</name>
	<name tagname="gfc:isAbstract">Is abstract</name>
	<name tagname="gfc:featureCatalogue">Feature Catalogue Information</name>
	<name tagname="gfc:carrierOfCharacteristics">Carrier of characteristics</name>
	<name tagname="gfc:FC_FeatureAttribute">Feature attribute</name>
	<name tagname="gfc:memberName">Member name</name>
	<name tagname="gfc:cardinality">Cardinality</name>
	<name tagname="gfc:definitionReference">Definition Reference Information</name>
	<name tagname="gfc:FC_DefinitionReference">Definition reference</name>
	<name tagname="gfc:definitionSource">Definition Source Information</name>
	<name tagname="gfc:FC_DefinitionSource">Definition source</name>
	<name tagname="gfc:source">Source</name>
	<name tagname="gfc:valueMeasurementUnit">Value measurement unit</name>
	<name tagname="gfc:constrainedBy">Constrained by</name>
	<name tagname="gfc:FC_Constraint">Constraint</name>
	<name tagname="gfc:description">Description</name>
	<name tagname="gfc:producer">Producer</name>
	<name tagname="gfc:listedValue">Listed value</name>
	<name tagname="gfc:FC_ListedValue">Listed Value</name>
	<name tagname="gfc:label">Label</name>
  
	<name tagname="abstract">Abstract</name>
	<name tagname="accessConstraints">Access constraints</name>
	<name tagname="address">Address</name>
	<name tagname="administrativeArea">Administrative area</name>
	<name tagname="aggregateDataSetIdentifier">Aggregate Data Set Identifier</name>
	<name tagname="aggregateDataSetName">Aggregate Data Set Name</name>
	<name tagname="aggregationInfo">Aggregation Info</name>
	<name tagname="alternateTitle">Alternate title</name>
	<name tagname="amendmentNumber">Amendment number</name>
	<name tagname="applicationProfile">Application profile</name>
	<name tagname="applicationSchemaInfo">Application schema info</name>
	<name tagname="associationType">Association Type</name>
	<name tagname="attributeDescription">Attribute description</name>
	<name tagname="attributeInstances">Attribute instances</name>
	<name tagname="attributes">Attributes</name>
	<name tagname="authority">Authority</name>
	<name tagname="axisDimensionProperties">Axis Dimension Properties</name>
	<name tagname="bitsPerValue">Bits per value</name>
	<name tagname="cameraCalibrationInformationAvailability">Camera calibration information availability</name>
	<name tagname="cellGeometry">Cell geometry</name>
	<name tagname="centerPoint">Center point</name>
	<name tagname="characterEncoding">Character Encoding</name>
	<name tagname="characterSet">Character set</name>
	<name tagname="checkPointAvailability">Check point availability</name>
	<name tagname="checkPointDescription">Check point description</name>
	<name tagname="CI_Address">Address</name>
	<name tagname="CI_Citation">Citation</name>
	<name tagname="CI_Contact">Contact</name>
	<name tagname="CI_Date">Date</name>
	<name tagname="CI_DateTypeCode">Date type code</name>
	<name tagname="CI_OnLineFunctionCode">Online function code</name>
	<name tagname="CI_OnlineResource">Online Resource</name>
	<name tagname="CI_PresentationFormCode">Presentation form code</name>
	<name tagname="CI_ResponsibleParty">Responsible party</name>
	<name tagname="CI_RoleCode">Role code</name>
	<name tagname="CI_Series">Series</name>
	<name tagname="CI_Telephone">Telephone</name>
	<name tagname="citation">Citation</name>
	<name tagname="citedResponsibleParty">Cited responsible party</name>
	<name tagname="city">City</name>
	<name tagname="classification">Classification</name>
	<name tagname="classificationSystem">Classification system</name>
	<name tagname="cloudCoverPercentage">Cloud cover percentage</name>
	<name tagname="code">Code</name>
	<name tagname="codeSpace">Code Space</name>
	<name tagname="collectiveTitle">Collective title</name>
	<name tagname="complianceCode">Compliance code</name>
	<name tagname="composedOf">Composed of</name>
	<name tagname="compressionGenerationQuantity">Compression generation quantity</name>
	<name tagname="condition">Condition</name>
	<name tagname="constraintLanguage">Constraint language</name>
	<name tagname="contact">Metadata author</name>
	<name tagname="contact">Metadata author</name>
	<name tagname="contactInfo">Contact info</name>
	<name tagname="contactInstructions">Contact instructions</name>
	<name tagname="contentInfo">Content info</name>
	<name tagname="contentType">Content type</name>
	<name tagname="controlPointAvailability">Control point availability</name>
	<name tagname="cornerPoints">Corner points</name>
	<name tagname="Country">Country</name>
	<name tagname="country">Country</name>
	<name tagname="country">Country</name>
	<name tagname="credit">Credit</name>
	<name tagname="dataQualityInfo">Data quality info</name>
	<name tagname="dataset">Dataset Set</name>
	<name tagname="dataSetURI">Dataset URI</name>
	<name tagname="dataType">Data type</name>
	<name tagname="date">Date</name>
	<name tagname="dateOfNextUpdate">Date of next update</name>
	<name tagname="dateStamp">Date stamp</name>
	<name tagname="dateTime">Date and time</name>
	<name tagname="dateType">Date type</name>
	<name tagname="definition">Definition</name>
	<name tagname="deliveryPoint">Delivery point</name>
	<name tagname="denominator">Denominator</name>
	<name tagname="density">Density</name>
	<name tagname="densityUnits">Density units</name>
	<name tagname="describes">Describes</name>
	<name tagname="description">Description</name>
	<name tagname="descriptiveKeywords">Descriptive keywords</name>
	<name tagname="descriptor">Descriptor</name>
	<name tagname="dimension">Dimension</name>
	<name tagname="dimensionName">Dimension name</name>
	<name tagname="dimensionSize">Dimension size</name>
	<name tagname="distance">Distance</name>
	<name tagname="distributionFormat">Distribution format</name>
	<name tagname="distributionInfo">Distribution info</name>
	<name tagname="distributionOrderProcess">Distribution Order Process</name>
	<name tagname="distributor">Distributor</name>
	<name tagname="distributorContact">Distributor contact</name>
	<name tagname="distributorFormat">Distributor format</name>
	<name tagname="distributorTransferOptions">Distributor transfer options</name>
	<name tagname="domainCode">Domain code</name>
	<name tagname="domainOfValidity">Domain of validity</name>
	<name tagname="domainValue">Domain value</name>
	<name tagname="DQ_AbsoluteExternalPositionalAccuracy">Absolute external positional accuracy</name>
	<name tagname="DQ_AccuracyOfATimeMeasurement">Accuracy of time measurement</name>
	<name tagname="DQ_CompletenessCommission">Completeness commission</name>
	<name tagname="DQ_CompletenessOmission">Completeness omission</name>
	<name tagname="DQ_ConceptualConsistency">Conceptual consistency</name>
	<name tagname="DQ_ConformanceResult">Conformance result</name>
	<name tagname="DQ_DataQuality">Data quality</name>
	<name tagname="DQ_DomainConsistency">Domain consistency</name>
	<name tagname="DQ_EvaluationMethodTypeCode">Evaluation method type code</name>
	<name tagname="DQ_FormatConsistency">Format consistency</name>
	<name tagname="DQ_GriddedDataPositionalAccuracy">Gridded data positional accuracy</name>
	<name tagname="DQ_NonQuantitativeAttributeAccuracy">Non quantitative attribute accuracy</name>
	<name tagname="DQ_QuantitativeAttributeAccuracy">Quantitative attribute accuracy</name>
	<name tagname="DQ_QuantitativeResult">Quantitative result</name>
	<name tagname="DQ_RelativeInternalPositionalAccuracy">Relative internal positional accuracy</name>
	<name tagname="DQ_Scope">Scope</name>
	<name tagname="DQ_TemporalConsistency">Temporal consistency</name>
	<name tagname="DQ_TemporalValidity">Temporal validity</name>
	<name tagname="DQ_ThematicClassificationCorrectness">Thematic classification correctness</name>
	<name tagname="DQ_TopologicalConsistency">Topological consistency</name>
	<name tagname="DS_Association">Association</name>
	<name tagname="DS_AssociationTypeCode">Association type code</name>
	<name tagname="DS_AssociationTypeCode">Association type code</name>
	<name tagname="DS_DataSet">DataSet</name>
	<name tagname="DS_Initiative">Initiative</name>
	<name tagname="DS_InitiativeTypeCode">Initiative type code</name>
	<name tagname="DS_OtherAggregate">Other Aggregate</name>
	<name tagname="DS_Platform">Platform</name>
	<name tagname="DS_ProductionSeries">Production Series</name>
	<name tagname="DS_Sensor">Sensor</name>
	<name tagname="DS_Series">Series</name>
	<name tagname="DS_StereoMate">Stereo Mate</name>
	<name tagname="eastBoundLongitude">East bound longitude</name>
	<name tagname="edition">Edition</name>
	<name tagname="editionDate">Edition date</name>
	<name tagname="electronicMailAddress">Electronic mail address</name>
	<name tagname="environmentDescription">Environment description</name>
	<name tagname="equivalentScale">Equivalent scale</name>
	<name tagname="errorStatistic">Error statistic</name>
	<name tagname="evaluationMethodDescription">Evaluation method description</name>
	<name tagname="evaluationMethodType">Evaluation method type code</name>
	<name tagname="evaluationProcedure">Evaluation procedure</name>
	<name tagname="EX_BoundingPolygon">BoundingPolygon</name>
	<name tagname="EX_Extent">Extent</name>
	<name tagname="EX_GeographicBoundingBox">Geographic bounding box</name>
	<name tagname="EX_GeographicDescription">Geographic description</name>
	<name tagname="EX_SpatialTemporalExtent">Spatial Temporal Extent</name>
	<name tagname="EX_TemporalExtent">Temporal extent</name>
	<name tagname="EX_VerticalExtent">Vertical extent</name>
	<name tagname="explanation">Explanation</name>
	<name tagname="extendedElementInformation">Extended element information</name>
	<name tagname="extensionOnLineResource">Extension Online resource</name>
	<name tagname="extent">Extent</name>
	<name tagname="extentTypeCode">Extent type code</name>
	<name tagname="facsimile">Facsimile</name>
	<name tagname="featureAttribute">Feature Attribute</name>
	<name tagname="featureCatalogueCitation">Feature catalogue citation</name>
	<name tagname="featureInstances">Feature instances</name>
	<name tagname="features">Features</name>
	<name tagname="featureType">FeatureType</name>
	<name tagname="featureTypes">Feature types</name>
	<name tagname="fees">Fees</name>
	<name tagname="fileDecompressionTechnique">File decompression technique</name>
	<name tagname="fileDescription">File description</name>
	<name tagname="fileIdentifier">File identifier</name>
	<name tagname="fileName">File name</name>
	<name tagname="fileType">File type</name>
	<name tagname="filmDistortionInformationAvailability">Film distortion information availability</name>
	<name tagname="formatDistributor">Format distributor</name>
	<name tagname="function">Function</name>
	<name tagname="geographicElement">Geographic element</name>
	<name tagname="geographicIdentifier">Geographic identifier</name>
	<name tagname="geometricObjectCount">Geometric object count</name>
	<name tagname="geometricObjects">Geometric objects</name>
	<name tagname="geometricObjectType">Geometric object type</name>
	<name tagname="georeferencedParameters">Georeferenced Parameters</name>
	<name tagname="graphicOverview">Graphic overview</name>
	<name tagname="graphicsFile">Graphics file</name>
	<name tagname="handlingDescription">Handling description</name>
	<name tagname="has">has</name>
	<name tagname="hierarchyLevel">Hierarchy level</name>
	<name tagname="hierarchyLevelName">Hierarchy level name</name>
	<name tagname="hoursOfService">Hours of service</name>
	<name tagname="identificationInfo">Identification info</name>
	<name tagname="identifier">Identifier</name>
	<name tagname="illuminationAzimuthAngle">Illumination azimuth angle</name>
	<name tagname="illuminationElevationAngle">Illumination elevation angle</name>
	<name tagname="imageQualityCode">Image quality code</name>
	<name tagname="imagingCondition">Imaging condition</name>
	<name tagname="includedWithDataset">Included with dataset</name>
	<name tagname="individualName">Individual name</name>
	<name tagname="initiativeType">Initiative Type</name>
	<name tagname="ISBN">ISBN</name>
	<name tagname="ISSN">ISSN</name>
	<name tagname="issueIdentification">Issue identification</name>
	<name tagname="keyword">Keyword</name>
	<name tagname="language">Language</name>
	<name tagname="LanguageCode">Language Code</name>
	<name tagname="languageCode">Language code</name>
	<name tagname="lensDistortionInformationAvailability">Lens distortion information availability</name>
	<name tagname="level">Hierarchy level</name>
	<name tagname="levelDescription">Level description</name>
	<name tagname="LI_Lineage">Lineage</name>
	<name tagname="LI_ProcessStep">Process step</name>
	<name tagname="LI_Source">Source</name>
	<name tagname="lineage">Lineage</name>
	<name tagname="linkage">Linkage</name>
	<name tagname="locale">Locale</name>
	<name tagname="LocalisedCharacterString">Localised Character String</name>
	<name tagname="localisedString">Localised String</name>
	<name tagname="maintenanceAndUpdateFrequency">Maintenance and update frequency</name>
	<name tagname="maintenanceNote">Maintenance note</name>
	<name tagname="maximumOccurrence">Maximum occurrence</name>
	<name tagname="maximumValue">Maximum value</name>
	<name tagname="maxValue">Maximum value</name>
	<name tagname="MD_AggregateInformation">AggregateInformation</name>
	<name tagname="MD_ApplicationSchemaInformation">Application schema info</name>
	<name tagname="MD_Band">Band</name>
	<name tagname="MD_BrowseGraphic">BrowseGraphic</name>
	<name tagname="MD_CellGeometryCode">Cell geometry code</name>
	<name tagname="MD_CharacterSetCode">Character set code</name>
	<name tagname="MD_ClassificationCode">Classification code</name>
	<name tagname="MD_Constraints">Constraints</name>
	<name tagname="MD_CoverageContentTypeCode">Content type code</name>
	<name tagname="MD_CoverageDescription">Coverage description</name>
	<name tagname="MD_DataIdentification">Data identification</name>
	<name tagname="MD_DatatypeCode">Data type code</name>
	<name tagname="MD_DigitalTransferOptions">Digital transfer options</name>
	<name tagname="MD_Dimension">Dimension</name>
	<name tagname="MD_DimensionNameTypeCode">Dimension name type code</name>
	<name tagname="MD_Distribution">Distribution</name>
	<name tagname="MD_DistributionUnits">DistributionUnits</name>
	<name tagname="MD_Distributor">Distributor</name>
	<name tagname="MD_ExtendedElementInformation">Extended elemen information</name>
	<name tagname="MD_FeatureCatalogueDescription">Feature catalogue description</name>
	<name tagname="MD_Format">Format</name>
	<name tagname="MD_GeometricObjects">Geometric objects</name>
	<name tagname="MD_GeometricObjectTypeCode">Geometric object type code</name>
	<name tagname="MD_Georectified">Georectified</name>
	<name tagname="MD_Georeferenceable">Georeferenceable</name>
	<name tagname="MD_GridSpatialRepresentation">Grid spatial representation</name>
	<name tagname="MD_Identifier">Identifier</name>
	<name tagname="MD_ImageDescription">Image description</name>
	<name tagname="MD_ImagingConditionCode">Imaging condition code</name>
	<name tagname="MD_Keywords">Keywords</name>
	<name tagname="MD_KeywordTypeCode">Keyword type code</name>
	<name tagname="MD_LegalConstraints">Legal constraints</name>
	<name tagname="MD_MaintenanceFrequencyCode">Maintenance frequency code</name>
	<name tagname="MD_MaintenanceInformation">Maintenance information</name>
	<name tagname="MD_Medium">Medium</name>
	<name tagname="MD_MediumFormatCode">Medium format</name>
	<name tagname="MD_MediumNameCode">Medium name code</name>
	<name tagname="MD_Metadata">Metadata</name>
	<name tagname="MD_MetadataExtensionInformation">Metadata extension info</name>
	<name tagname="MD_ObligationCode">Obligation code</name>
	<name tagname="MD_PixelOrientationCode">Pixel orientation code</name>
	<name tagname="MD_PortrayalCatalogueReference">Portrayal catalogue reference</name>
	<name tagname="MD_ProgressCode">Progress code</name>
	<name tagname="MD_RangeDimension">Range dimension</name>
	<name tagname="MD_ReferenceSystem">Reference system</name>
	<name tagname="MD_RepresentativeFraction">Representative fraction</name>
	<name tagname="MD_Resolution">Resolution</name>
	<name tagname="MD_RestrictionCode">Restriction code</name>
	<name tagname="MD_ScopeCode">Scope code</name>
	<name tagname="MD_ScopeDescription">Scope description</name>
	<name tagname="MD_SecurityConstraints">Security constraints</name>
	<name tagname="MD_ServiceIdentification">MD Service identification</name>
	<name tagname="MD_ServiceIdentification">Service identification</name>
	<name tagname="MD_SpatialRepresentationTypeCode">Spatial representation type code</name>
	<name tagname="MD_StandardOrderProcess">Standard order process</name>
	<name tagname="MD_TopicCategoryCode">Topic category code</name>
	<name tagname="MD_TopologyLevelCode">Topology level code</name>
	<name tagname="MD_Usage">Usage</name>
	<name tagname="MD_VectorSpatialRepresentation">Vector spatial representation</name>
	<name tagname="measureDescription">Measure description</name>
	<name tagname="measureIdentification">Measure identification</name>
	<name tagname="mediumFormat">Medium format</name>
	<name tagname="mediumNote">Medium note</name>
	<name tagname="metadataConstraints">Metadata constraints</name>
	<name tagname="metadataExtensionInfo">Metadata extension info</name>
	<name tagname="metadataMaintenance">Metadata maintenance</name>
	<name tagname="metadataStandardName">Metadata standard name</name>
	<name tagname="metadataStandardVersion">Metadata standard version</name>
	<name tagname="minimumValue">Minimum value</name>
	<name tagname="minValue">Minimum value</name>
	<name tagname="name">Name</name>
	<name tagname="nameOfMeasure">Name of measure</name>
	<name tagname="northBoundLatitude">North bound latitude</name>
	<name tagname="numberOfDimensions">Number of dimensions</name>
	<name tagname="obligation">Obligation</name>
	<name tagname="offLine">Offline</name>
	<name tagname="offset">Offset</name>
	<name tagname="onLine">Online</name>
	<name tagname="onlineResource">Online Resource</name>
	<name tagname="orderingInstructions">Ordering instructions</name>
	<name tagname="organisationName">Organisation name</name>
	<name tagname="orientationParameterAvailability">Orientation parameter availability</name>
	<name tagname="orientationParameterDescription">Orientation parameter description</name>
	<name tagname="other">Other</name>
	<name tagname="otherCitationDetails">Other citation details</name>
	<name tagname="otherConstraints">Other constraints</name>
	<name tagname="page">Page</name>
	<name tagname="parameterCitation">Parameter citation</name>
	<name tagname="parentEntity">Parent entity</name>
	<name tagname="parentIdentifier">Parent identifier</name>
	<name tagname="partOf">part of</name>
	<name tagname="pass">Pass</name>
	<name tagname="peakResponse">Peak response</name>
	<name tagname="phone">Phone</name>
	<name tagname="plannedAvailableDateTime">Planned available date and time</name>
	<name tagname="pointInPixel">Point in pixel</name>
	<name tagname="pointOfContact">Point of contact</name>
	<name tagname="polygon">Polygon</name>
	<name tagname="portrayalCatalogueCitation">Portrayal catalogue citation</name>
	<name tagname="portrayalCatalogueInfo">Portrayal catalogue info</name>
	<name tagname="positionName">Position name</name>
	<name tagname="postalCode">Postal code</name>
	<name tagname="presentationForm">Presentation form</name>
	<name tagname="processingLevelCode">Processing level code</name>
	<name tagname="processor">Processor</name>
	<name tagname="processStep">Process step</name>
	<name tagname="propertyType">propertyType</name>
	<name tagname="protocol">Protocol</name>
	<name tagname="PT_FreeText">Free text</name>
	<name tagname="PT_Locale">Locale</name>
	<name tagname="PT_LocaleContainer">Locale Container</name>
	<name tagname="purpose">Purpose</name>
	<name tagname="radiometricCalibrationDataAvailability">Radiometric calibration data availability</name>
	<name tagname="rationale">Rationale</name>
	<name tagname="referenceSystemIdentifier">Reference system identifier</name>
	<name tagname="referenceSystemInfo">Reference system info</name>
	<name tagname="report">Report</name>
	<name tagname="resolution">Resolution</name>
	<name tagname="resourceConstraints">Resource constraints</name>
	<name tagname="resourceFormat">Resource format</name>
	<name tagname="resourceMaintenance">Resource maintenance</name>
	<name tagname="resourceSpecificUsage">Resource specific usage</name>
	<name tagname="responsibleParty">Responsible Party</name>
	<name tagname="result">Result</name>
	<name tagname="role">Role</name>
	<name tagname="RS_Identifier">RS Identifier</name>
	<name tagname="rule">Rule</name>
	<name tagname="scaleDenominator">Scale</name>
	<name tagname="scaleFactor">Scale factor</name>
	<name tagname="schemaAscii">Schema ascii</name>
	<name tagname="schemaLanguage">Schema language</name>
	<name tagname="scope">Scope</name>
	<name tagname="sequenceIdentifier">Sequence identifier</name>
	<name tagname="series">Series</name>
	<name tagname="seriesMetadata">seriesMetadata</name>
	<name tagname="shortName">Short name</name>
	<name tagname="softwareDevelopmentFile">Software development file</name>
	<name tagname="softwareDevelopmentFileFormat">Software development file format</name>
	<name tagname="source">Source</name>
	<name tagname="sourceCitation">Source citation</name>
	<name tagname="sourceExtent">Source extent</name>
	<name tagname="sourceReferenceSystem">Source reference system</name>
	<name tagname="sourceStep">Source step</name>
	<name tagname="southBoundLatitude">South bound latitude</name>
	<name tagname="spatialExtent">Spatial extent</name>
	<name tagname="spatialRepresentationInfo">Spatial representation info</name>
	<name tagname="spatialRepresentationType">Spatial representation type</name>
	<name tagname="spatialResolution">Spatial resolution</name>
	<name tagname="specification">Specification</name>
	<name tagname="specification">Specification</name>
	<name tagname="specificUsage">Specific usage</name>
	<name tagname="statement">Statement</name>
	<name tagname="status">Status</name>
	<name tagname="subset">Subset</name>
	<name tagname="superset">Superset</name>
	<name tagname="supplementalInformation">Supplemental Information</name>
	<name tagname="temporalElement">Temporal element</name>
	<name tagname="textGroup">Text Group</name>
	<name tagname="thesaurusName">Thesaurus name</name>
	<name tagname="title">Title</name>
	<name tagname="toneGradation">Tone gradation</name>
	<name tagname="topicCategory">Topic category</name>
	<name tagname="topologyLevel">Topology level</name>
	<name tagname="transferOptions">Transfer options</name>
	<name tagname="transferSize">Transfer size</name>
	<name tagname="transformationDimensionDescription">Transformation dimension description</name>
	<name tagname="transformationDimensionMapping">Transformation dimension mapping</name>
	<name tagname="transformationParameterAvailability">Transformation parameter availability</name>
	<name tagname="triangulationIndicator">Triangulation indicator</name>
	<name tagname="turnaround">Turnaround</name>
	<name tagname="type">Type</name>
	<name tagname="units">Value unit</name>
	<name tagname="unitsOfDistribution">Units of distribution</name>
	<name tagname="updateScope">Update scope</name>
	<name tagname="updateScopeDescription">Update scope description</name>
	<name tagname="URL">URL</name>
	<name tagname="usageDateTime">Usage date and time</name>
	<name tagname="useConstraints">Use constraints</name>
	<name tagname="useLimitation">Use limitation</name>
	<name tagname="userContactInfo">User contact info</name>
	<name tagname="userDefinedMaintenanceFrequency">User defined maintenance frequency</name>
	<name tagname="userDeterminedLimitations">User determined limitations</name>
	<name tagname="userNote">User note</name>
	<name tagname="value">Value</name>
	<name tagname="valueType">Value type</name>
	<name tagname="valueUnit">Value unit</name>
	<name tagname="version">Version</name>
	<name tagname="verticalCRS">Vertical CRS</name>
	<name tagname="verticalElement">Vertical element</name>
	<name tagname="voice">Voice</name>
	<name tagname="volumes">Volumes</name>
	<name tagname="westBoundLongitude">West bound longitude</name>
	<!-- === GMI namespace -->
	<name tagname="AbstractMI_GeolocationInformation">Geolocation Information</name>
	<name tagname="accuracyReport">Accuracy report</name>
	<name tagname="acquisitionInformation">Acquisition</name>
	<name tagname="acquisitionPlan">Acquisition plan</name>
	<name tagname="acquisitionRequirement">Acquisition requirement</name>
	<name tagname="algorithm">Algorithm</name>
	<name tagname="averageAirTemperature">Average air temperature</name>
	<name tagname="bandBoundaryDefinition">Band boundary definition</name>
	<name tagname="checkPoint">Check point</name>
	<name tagname="childOperation">Child operation</name>
	<name tagname="collectionIdentification">Collection Identification</name>
	<name tagname="collectionName">Collection name</name>
	<name tagname="context">Context</name>
	<name tagname="coordinateReferenceSystem">Coordinate Reference System</name>
	<name tagname="description">Description</name>
	<name tagname="definition">Definition</name>
	<name tagname="detectedPolarisation">Detected polarisation</name>
	<name tagname="documentation">Documentation</name>
	<name tagname="environmentalConditions">Environmental conditions</name>
	<name tagname="expectedObjective">Expected Objective</name>
	<name tagname="expiryDate">Expiry Date</name>
	<name tagname="extent">Extent</name>
	<name tagname="fileType">File Type</name>
	<name tagname="gcp">GCP</name>
	<name tagname="geographicCoordinates">Geographic Coordinates</name>
	<name tagname="geolocationIdentification">Geolocation Identification</name>
	<name tagname="geolocationInformation">Geolocation Information</name>
	<name tagname="groundResolution">Ground Resolution</name>
	<name tagname="identifier">Identifier</name>
	<name tagname="instrument">Instrument</name>
	<name tagname="latestAcceptableDate">Latest Acceptable Date</name>
	<name tagname="LE_Algorithm">Algorithm</name>
	<name tagname="LE_NominalResolution">Nominal Resolution</name>
	<name tagname="LE_Processing">Processing</name>
	<name tagname="LE_ProcessStep">Process Step</name>
	<name tagname="LE_ProcessStepReport">Process Step Report</name>
	<name tagname="LE_Source">Source</name>
	<name tagname="maxAltitude">Max Altitude</name>
	<name tagname="maxRelativeHumidity">Max Relative Humidity</name>
	<name tagname="meteorologicalConditions">Meteorological Conditions</name>
	<name tagname="MI_AcquisitionInformation">Acquisition Information</name>
	<name tagname="MI_Band">Band</name>
	<name tagname="MI_BandDefinition">Band Definition</name>
	<name tagname="MI_ContextCode">Context Code</name>
	<name tagname="MI_CoverageDescription">Coverage Description</name>
	<name tagname="MI_EnvironmentalRecord">Environmental Record</name>
	<name tagname="MI_Event">Event</name>
	<name tagname="MI_GCP">GCP</name>
	<name tagname="MI_GCPCollection">GCP Collection</name>
	<name tagname="MI_GeometryTypeCode">Geometry Type Code</name>
	<name tagname="MI_Georectified">Georectified</name>
	<name tagname="MI_Georeferenceable">Georeferenceable</name>
	<name tagname="MI_ImageDescription">Image Description</name>
	<name tagname="MI_Instrument">Instrument</name>
	<name tagname="MI_Objective">Objective</name>
	<name tagname="MI_Metadata">Metadata</name>
	<name tagname="MI_ObjectiveTypeCode">Objective Type Code</name>
	<name tagname="MI_Operation">Operation</name>
	<name tagname="MI_OperationTypeCode">Operation Type Code</name>
	<name tagname="MI_Plan">Plan</name>
	<name tagname="MI_Platform">Platform</name>
	<name tagname="MI_PlatformPass">Platform Pass</name>
	<name tagname="MI_PolarisationOrientationCode">Polarisation Orientation Code</name>
	<name tagname="MI_PriorityCode">Priority Code</name>
	<name tagname="MI_RangeElementDescription">Range Element Description</name>
	<name tagname="MI_RequestedDate">Requested Date</name>
	<name tagname="MI_Requirement">Requirement</name>
	<name tagname="MI_SensorTypeCode">Sensor Type Code</name>
	<name tagname="MI_SequenceCode">Sequence Code</name>
	<name tagname="MI_TransferFunctionTypeCode">Transfer Function Type Code</name>
	<name tagname="MI_TriggerCode">Trigger Code</name>
	<name tagname="mountedOn">Mounted On</name>
	<name tagname="name">Name</name>
	<name tagname="nominalSpatialResolution">Nominal Spatial Resolution</name>
	<name tagname="objective">Objective</name>
	<name tagname="objectiveOccurance">ObjectiveOccurance</name>
	<name tagname="operation">Operation Information</name>
	<name tagname="operation">Operation Information</name>
	<name tagname="output">Output</name>
	<name tagname="parentOperation">Parent Operation</name>
	<name tagname="pass">Pass</name>
	<name tagname="plan">Plan</name>
	<name tagname="platform">Platform</name>
	<name tagname="platformParameters">Platform Parameters</name>
	<name tagname="priority">Priority</name>
	<name tagname="procedureDescription">Procedure Description</name>
	<name tagname="processedLevel">Processed Level</name>
	<name tagname="processingInformation">Processing Information</name>
	<name tagname="QE_CoverageResult">Coverage Result</name>
	<name tagname="QE_Usability">Usability</name>
	<name tagname="qualityInfo">Quality Info</name>
	<name tagname="rangeElement">Range Element</name>
	<name tagname="rangeElementDescription">Range Element Description</name>
	<name tagname="recipient">Recipient</name>
	<name tagname="relatedEvent">Related Event</name>
	<name tagname="relatedPass">Related Pass</name>
	<name tagname="relatedSensor">Related Sensor</name>
	<name tagname="report">Report</name>
	<name tagname="requestedDate">Requested Date</name>
	<name tagname="requestedDateOfCollection">Requested Date of Collection</name>
	<name tagname="requestor">Requestor</name>
	<name tagname="resolution">Resolution</name>
	<name tagname="resultContentDescription">Result Content Description</name>
	<name tagname="resultFile">Result File</name>
	<name tagname="resultFormat">Result Format</name>
	<name tagname="resultSpatialRepresentation">Result Spatial Representation</name>
	<name tagname="runTimeParameters">Run Time Parameters</name>
	<name tagname="satisfiedRequirement">Satisfied Requirement</name>
	<name tagname="satisifiedPlan">Satisified Plan</name>
	<name tagname="scanningResolution">Scanning Resolution</name>
	<name tagname="sensingInstrument">Sensing Instrument</name>
	<name tagname="sequence">Sequence</name>
	<name tagname="significantEvent">Significant Event</name>
	<name tagname="softwareReference">Software Reference</name>
	<name tagname="sponsor">Sponsor</name>
	<name tagname="status">Status</name>
	<name tagname="time">Time</name>
	<name tagname="transferFunctionType">Transfer function type</name>
	<name tagname="transmittedPolarisation">Transmitted polarisation</name>
	<name tagname="trigger">Trigger</name>
	<name tagname="type">Type</name>
	<!-- === GML namespace -->
	<name tagname="a">a</name>
	<name tagname="b">b</name>
	<name tagname="begin">Begin</name>
	<name tagname="beginPosition">Begin date</name>
	<name tagname="c">c</name>
	<name tagname="ConventionalUnit">Conventional unit</name>
	<name tagname="conversionToPreferredUnit">Conversion to preferred unit</name>
	<name tagname="coordinates">Coordinates</name>
	<name tagname="description">Description</name>
	<name tagname="end">End</name>
	<name tagname="endPosition">End date</name>
	<name tagname="exterior">Outer boundary</name>
	<name tagname="formula">Formula</name>
	<name tagname="id">Identifier</name>
	<name tagname="identifier">Identifier</name>
	<name tagname="interior">Inner boundary</name>
	<name tagname="LinearRing">Linear ring</name>
	<name tagname="LineString">Line</name>
	<name tagname="Point">Point</name>
	<name tagname="Polygon">Polygon</name>
	<name tagname="relatedTime">Related time</name>
	<name tagname="TimeInstant">Time instant</name>
	<name tagname="TimePeriod">Time period</name>
	<name tagname="timePosition">Time position</name>
	<name tagname="BaseUnit">Base unit</name>
	<name tagname="unitsSystem">Units system</name>
	<!-- All XML attributes declared in the GML schema are defined without namespace, the only exception is the gml:id XML attribute. -->
	<name tagname="SV_ServiceIdentification">Service Identification (19119)</name>
	<name tagname="serviceType">Service Type</name>
	<name tagname="serviceTypeVersion">Service Version</name>
	<name tagname="accessProperties">Access Properties</name>
	<name tagname="restrictions">Restrictions</name>
	<name tagname="containsOperations">Contains Operations</name>
	<name tagname="operatesOn">Operates On</name>
	<name tagname="operationName">Operation Name</name>
	<name tagname="SV_OperationMetadata">Operation</name>
	<name tagname="DCP">Distributed Computing Platforms</name>
	<name tagname="DCPList">Distributed Computing Platforms List</name>
	<name tagname="operationDescription">Operation Description</name>
	<name tagname="invocationName">Invocation Name</name>
	<name tagname="parameters">Parameters</name>
	<name tagname="connectPoint">Connect Point</name>
	<name tagname="dependsOn">Depends On</name>
	<name tagname="providerName">Provider Name</name>
	<name tagname="serviceContact">Service Contact</name>
	<name tagname="name">Name</name>
	<name tagname="description">Description</name>
	<name tagname="optionality">Optionality</name>
	<name tagname="repeatability">Repeatability</name>
	<name tagname="coupledResource">Coupled Resource</name>
	<name tagname="SV_CoupledResource">Coupled Resource</name>
	<name tagname="identifier">Identifier</name>
	<name tagname="couplingType">Coupling Type</name>
	<name tagname="SV_CouplingType">Coupling Type</name>
	<name tagname="extent">Extent</name>
	<name tagname="keywords">Keywords</name>
	<!-- === GCO namespace -->
	<!--
		<name tagname="CharacterString">Character String</name>
		<name tagname="Date">Date</name>
		<name tagname="DateTime">Date and time</name>
		<name tagname="Measure">Measure</name>
	-->
	<!-- === GTS namespace                                    -->
	<name tagname="TM_PeriodDuration">Period duration</name>
	<!-- === GMX namespace                                    -->
	<name tagname="Anchor">Anchor</name>
	<name tagname="name">Name</name>
	<name tagname="scope">Scope</name>
	<name tagname="versionNumber">Version number</name>
	<name tagname="versionDate">Version date</name>
	<name tagname="language">Language</name>
	<name tagname="characterSet">Character set</name>
	<name tagname="FileName">File Name</name>
	<name tagname="MX_ScopeCode">MX_ScopeCode</name>
	<name tagname="MimeFileType">Mime File Type</name>	
	<!-- === Biological Extensions                              -->
	<name tagname="taxonomy">Taxonomy</name>
	<name tagname="MD_TaxonSys">Taxonomic System</name>
	<name tagname="classSys">Classification System Authority</name>
	<name tagname="classmod">Classification System Modifications</name>
	<name tagname="taxongen">General Taxonomic Scope</name>
	<name tagname="idref">Identification Reference</name>
	<name tagname="obs">Observer</name>
	<name tagname="taxonpro">Taxonomic Procedures</name>
	<name tagname="taxoncom">Taxonomic Completeness</name>
	<name tagname="voucher">Voucher Information</name>
	<name tagname="MD_Vouchers">Vouchers</name>
	<name tagname="specimen">Specimen</name>
	<name tagname="reposit">Repository</name>
	<name tagname="taxonCl">Taxonomic Classification Information</name>
	<name tagname="MD_TaxonCl">Taxonomic Classification</name>
	<name tagname="common">Common Name</name>
	<name tagname="taxonrn">Taxonomic Rank Name</name>
	<name tagname="taxonrv">Taxonomic Rank Value</name>
	<name tagname="hiclass">Hierarchical Classification</name>
	<!--===GFC namespace-->
	<name tagname="FC_FeatureCatalogue">Feature Catalogue</name>
	<name tagname="featureType">Feature Type Information</name>
	<name tagname="FC_FeatureType">Feature type</name>
	<name tagname="typeName">Type name</name>
	<name tagname="definition">Definition</name>
	<name tagname="isAbstract">Is abstract</name>
	<name tagname="featureCatalogue">Feature Catalogue Information</name>
	<name tagname="carrierOfCharacteristics">Carrier of characteristics</name>
	<name tagname="FC_FeatureAttribute">Feature attribute</name>
	<name tagname="memberName">Member name</name>
	<name tagname="cardinality">Cardinality</name>
	<name tagname="definitionReference">Definition Reference Information</name>
	<name tagname="FC_DefinitionReference">Definition reference</name>
	<name tagname="definitionSource">Definition Source Information</name>
	<name tagname="FC_DefinitionSource">Definition source</name>
	<name tagname="source">Source</name>
	<name tagname="valueMeasurementUnit">Value measurement unit</name>
	<name tagname="constrainedBy">Constrained by</name>
	<name tagname="FC_Constraint">Constraint</name>
	<name tagname="description">Description</name>
	<name tagname="producer">Producer</name>
	<name tagname="listedValue">Listed value</name>
	<name tagname="FC_ListedValue">Listed Value</name>
	<name tagname="label">Label</name>
  
</names>
