<?xml version="1.0" encoding="UTF-8"?>
<names xmlns:cat="http://standards.iso.org/iso/19115/-3/cat/1.0"
        xmlns:cit="http://standards.iso.org/iso/19115/-3/cit/2.0"
        xmlns:gcx="http://standards.iso.org/iso/19115/-3/gcx/1.0"
        xmlns:gex="http://standards.iso.org/iso/19115/-3/gex/1.0"
        xmlns:lan="http://standards.iso.org/iso/19115/-3/lan/1.0"
        xmlns:srv="http://standards.iso.org/iso/19115/-3/srv/2.0"
        xmlns:mac="http://standards.iso.org/iso/19115/-3/mac/2.0"
        xmlns:mas="http://standards.iso.org/iso/19115/-3/mas/1.0"
        xmlns:mcc="http://standards.iso.org/iso/19115/-3/mcc/1.0"
        xmlns:mco="http://standards.iso.org/iso/19115/-3/mco/1.0"
        xmlns:mda="http://standards.iso.org/iso/19115/-3/mda/1.0"
        xmlns:mdb="http://standards.iso.org/iso/19115/-3/mdb/2.0"
        xmlns:mdt="http://standards.iso.org/iso/19115/-3/mdt/1.0"
        xmlns:mex="http://standards.iso.org/iso/19115/-3/mex/1.0"
        xmlns:mrl="http://standards.iso.org/iso/19115/-3/mrl/1.0"
        xmlns:mds="http://standards.iso.org/iso/19115/-3/mds/1.0"
        xmlns:mmi="http://standards.iso.org/iso/19115/-3/mmi/1.0"
        xmlns:mpc="http://standards.iso.org/iso/19115/-3/mpc/1.0"
        xmlns:mrc="http://standards.iso.org/iso/19115/-3/mrc/2.0"
        xmlns:mrd="http://standards.iso.org/iso/19115/-3/mrd/1.0"
        xmlns:mri="http://standards.iso.org/iso/19115/-3/mri/1.0"
        xmlns:mrs="http://standards.iso.org/iso/19115/-3/mrs/1.0"
        xmlns:msr="http://standards.iso.org/iso/19115/-3/msr/2.0"
        xmlns:mdq="http://standards.iso.org/iso/19157/-2/mdq/1.0"
        xmlns:dqc="http://standards.iso.org/iso/19157/-2/dqc/1.0"
        xmlns:gco="http://standards.iso.org/iso/19115/-3/gco/1.0"
        xmlns:gfc="http://standards.iso.org/iso/19110/gfc/1.1"
        xmlns:gml="http://www.opengis.net/gml/3.2">
	<name tagname="mri:abstract">Abstract</name>
	<name tagname="mco:accessConstraints">Access constraints</name>
	<name tagname="cit:address">Address</name>
	<name tagname="cit:alternateTitle">Alternate title</name>
	<name tagname="cit:applicationProfile">Application profile</name>
	<name tagname="lan:characterEncoding">Character Encoding</name>
	<name tagname="lan:MD_CharacterSetCode">Character Set Code</name>
	<name tagname="cit:CI_Address">Address</name>
	<name tagname="cit:CI_Citation">Citation</name>
	<name tagname="cit:CI_Contact">Contact</name>
	<name tagname="cit:CI_Date">Date</name>
	<name tagname="cit:CI_DateTypeCode">Date type code</name>
	<name tagname="cit:CI_OnLineFunctionCode">Online function code</name>
	<name tagname="cit:CI_OnlineResource">Online Resource</name>
	<name tagname="cit:CI_PresentationFormCode">Presentation form code</name>
	<name tagname="cit:CI_Responsibility">Responsibility</name>
	<name tagname="cit:CI_RoleCode">Role code</name>
	<name tagname="cit:CI_Series">Series</name>
	<name tagname="cit:CI_Telephone">Telephone</name>
	<name tagname="cit:city">City</name>
	<name tagname="mco:classification">Classification</name>
	<name tagname="mco:classificationSystem">Classification system</name>
	<name tagname="mcc:code">Code</name>
	<name tagname="mcc:codeSpace">Code Space</name>
	<name tagname="cit:title">Title</name>

        <name tagname="mdb:MD_Metadata">Metadata</name>
        <name tagname="mdb:contentInfo">Content Info</name>
        
        <name tagname="mdb:metadataIdentifier">Metadata Identifier</name>
        <name tagname="mcc:MD_Identifier">Identifier</name>
        <name tagname="mcc:BrowseGraphic">Browse Graphic</name>
        <name tagname="mcc:fileName">File Name</name>
        <name tagname="mdb:defaultLocale">Default Locale</name>
        <name tagname="lan:PT_Locale">Locale</name>
        <name tagname="lan:language">Language</name>
        <name tagname="lan:LanguageCode">Language Code</name>
        <name tagname="lan:country">Country</name>
        <name tagname="lan:CountryCode">Country Code</name>
        <name tagname="mdb:metadataScope">Metadata Scope</name>
        <name tagname="mdb:MD_MetadataScope">Metadata Scope</name>
        <name tagname="mdb:resourceScope">Resource Scope</name>
        <name tagname="mcc:MD_ScopeCode">Scope Code</name>
        <name tagname="mdb:name">Name</name>
        <name tagname="mdb:contact">Contact</name>
        <name tagname="cit:role">Role</name>
        <name tagname="cit:party">Party</name>
        <name tagname="cit:CI_Organisation">Organisation</name>
        <name tagname="cit:name">Name</name>
        <name tagname="cit:contactInfo">Contact Info</name>
        <name tagname="cit:phone">Phone</name>
        <name tagname="cit:number">Number</name>
        <name tagname="cit:numberType">Number Type</name>
        <name tagname="cit:CI_TelephoneTypeCode">Telephone type Code</name>
        <name tagname="cit:deliveryPoint">Delivery Point</name>
        <name tagname="cit:country">Country</name>
        <name tagname="cit:electronicMailAddress">E-mail Address</name>
        <name tagname="mdb:dateInfo">Date Info</name>
        <name tagname="cit:date">Date</name>
        <name tagname="cit:dateType">Date Type</name>
        <name tagname="mdb:metadataStandard">Metadata Standard</name>
        <name tagname="cit:edition">Edition</name>

        <name tagname="mdb:spatialRepresentationInfo">Spatial Representation Info</name>
        <name tagname="msr:MD_VectorSpatialRepresentation">Vector Spatial Representation</name>
        <name tagname="msr:topologyLevel">Topology Level</name>
        <name tagname="msr:MD_TopologyLevelCode">Topology Level Code</name>
        <name tagname="msr:geometricObjects">Geometric Objects</name>
        <name tagname="msr:MD_GeometricObjects">Geometric Objects</name>
        <name tagname="msr:geometricObjectType">Geometric Object Type</name>
        <name tagname="msr:MD_GeometricObjectTypeCode">Geometric Object Type Code</name>

        <name tagname="mdb:referenceSystemInfo">Reference System Info</name>
        <name tagname="mrs:MD_ReferenceSystem">Reference System</name>
        <name tagname="mrs:referenceSystemIdentifier">Reference System Identifier</name>

        <name tagname="mdb:identificationInfo">Identification Info</name>
        <name tagname="mri:MD_DataIdentification">Data Identification</name>
        <name tagname="mri:citation">Citation</name>
        <name tagname="cit:citedResponsibleParty">Cited Responsible Party</name>
        <name tagname="cit:presentationForm">Presentation Form</name>
        <name tagname="cit:ISBN">ISBN</name>
        <name tagname="cit:ISSN">ISSN</name>
        <name tagname="mri:status">Status</name>
        <name tagname="mcc:MD_ProgressCode">Progress Code</name>
        <name tagname="mri:pointOfContact">Point of Contact</name>
        <name tagname="mri:spatialRepresentationType">Spatial Representation Type</name>
        <name tagname="mcc:MD_SpatialRepresentationTypeCode">Spatial Representation Type Code</name>
        <name tagname="mri:spatialResolution">Spatial Resolution</name>
        <name tagname="mri:MD_Resolution">Resolution</name>
        <name tagname="mri:equivalentScale">Equivalent Scale</name>
        <name tagname="mri:MD_RepresentativeFraction">Representative Fraction</name>
        <name tagname="mri:denominator">Denominator</name>
        <name tagname="mri:topicCategory">Topic Category</name>
        <name tagname="mri:MD_TopicCategoryCode">Topic Category Code</name>
        <name tagname="mri:extent">Extent</name>
        <name tagname="gex:EX_Extent">Extent</name>
        <name tagname="gex:description">Description</name>
        <name tagname="gex:geographicElement">Geographic Element</name>
        <name tagname="gex:EX_GeographicBoundingBox">Geographic Bounding Box</name>
        <name tagname="gex:extentTypeCode">Extent Type Code</name>
        <name tagname="gex:westBoundLongitude">West Bound Longitude</name>
        <name tagname="gex:eastBoundLongitude">East Bound Longitude</name>
        <name tagname="gex:southBoundLatitude">South Bound Latitude</name>
        <name tagname="gex:northBoundLatitude">North Bound Latitude</name>
        <name tagname="gex:verticalElement">Vertical Element</name>
        <name tagname="gex:EX_VerticalExtent">Vertical Extent</name>
        <name tagname="gex:minimumValue">Minimum Value</name>
        <name tagname="gex:maximumValue">Maximum Value</name>
        <name tagname="gex:verticalCRS">Vertical CRS</name>
        <name tagname="mri:resourceMaintenance">Resource Maintenance</name>
        <name tagname="mmi:MD_MaintenanceInformation">Maintenance Information</name>
        <name tagname="mmi:maintenanceAndUpdateFrequency">Maintenance and Update Frequency</name>
        <name tagname="mmi:MD_MaintenanceFrequencyCode">Maintenance Frequency Code</name>
        <name tagname="mri:descriptiveKeywords">Descriptive Keywords</name>
        <name tagname="mri:MD_Keywords">Keywords</name>
        <name tagname="mri:keyword">Keyword</name>
        <name tagname="mri:type">Type</name>
        <name tagname="mri:MD_KeywordTypeCode">Keyword Type Code</name>
        <name tagname="mri:thesaurusName">Thesaurus Name</name>
        <name tagname="mri:resourceConstraints">Resource Constraints</name>
        <name tagname="mco:MD_Constraints">Constraints</name>
        <name tagname="mco:useLimitation">Use Limitation</name>
        <name tagname="mco:MD_LegalConstraints">Legal Constraints</name>
        <name tagname="mco:otherConstraints">Other Constraints</name>
        <name tagname="mco:MD_SecurityConstraints">Security Constraints</name>
        <name tagname="mco:userNote">User Note</name>
        <name tagname="mco:handlingDescription">Handling Description</name>
        <name tagname="mri:defaultLocale">Default Locale</name>
        <name tagname="mri:environmentDescription">Environment Description</name>
        <name tagname="mri:supplementalInformation">Supplemental Information</name>

        <name tagname="mrc:MD_FeatureCatalogueDescription">Feature Catalogue Description</name>
        <name tagname="mrc:complianceCode">Compliance Code</name>
        <name tagname="mrc:locale">Locale</name>
        <name tagname="mrc:includedWithDataset">Included with Dataset</name>
        <name tagname="mrc:featureCatalogueCitation">Feature Catalogue Citation</name>

        <name tagname="mdb:distributionInfo">Distribution Info</name>
        <name tagname="mrd:MD_Distribution">Distribution</name>
        <name tagname="mrd:distributionFormat">Distribution Format</name>
        <name tagname="mrd:MD_Format">Format</name>
        <name tagname="mrd:formatSpecificationCitation">Format Specification Citation</name>
        <name tagname="mdb:resourceLineage">Resource Lineage</name>
        <name tagname="mrl:LI_Lineage">Lineage</name>
        <name tagname="mrl:statement">Statement</name>
        <name tagname="mrl:scope">Scope</name>
        <name tagname="mcc:MD_Scope">Scope</name>
        <name tagname="mcc:level">Level</name>
        
        <name tagname="mdb:metadataMaintenance">Metadata Maintenance</name>
</names>
