<?xml version="1.0" encoding="UTF-8"?>
<names xmlns:cat="http://standards.iso.org/iso/19115/-3/cat/1.0"
        xmlns:cit="http://standards.iso.org/iso/19115/-3/cit/2.0"
        xmlns:gcx="http://standards.iso.org/iso/19115/-3/gcx/1.0"
        xmlns:gex="http://standards.iso.org/iso/19115/-3/gex/1.0"
        xmlns:lan="http://standards.iso.org/iso/19115/-3/lan/1.0"
        xmlns:srv="http://standards.iso.org/iso/19115/-3/srv/2.0"
        xmlns:mac="http://standards.iso.org/iso/19115/-3/mac/2.0"
        xmlns:mas="http://standards.iso.org/iso/19115/-3/mas/1.0"
        xmlns:mcc="http://standards.iso.org/iso/19115/-3/mcc/1.0"
        xmlns:mco="http://standards.iso.org/iso/19115/-3/mco/1.0"
        xmlns:mda="http://standards.iso.org/iso/19115/-3/mda/1.0"
        xmlns:mdb="http://standards.iso.org/iso/19115/-3/mdb/2.0"
        xmlns:mdt="http://standards.iso.org/iso/19115/-3/mdt/1.0"
        xmlns:mex="http://standards.iso.org/iso/19115/-3/mex/1.0"
        xmlns:mrl="http://standards.iso.org/iso/19115/-3/mrl/1.0"
        xmlns:mds="http://standards.iso.org/iso/19115/-3/mds/1.0"
        xmlns:mmi="http://standards.iso.org/iso/19115/-3/mmi/1.0"
        xmlns:mpc="http://standards.iso.org/iso/19115/-3/mpc/1.0"
        xmlns:mrc="http://standards.iso.org/iso/19115/-3/mrc/2.0"
        xmlns:mrd="http://standards.iso.org/iso/19115/-3/mrd/1.0"
        xmlns:mri="http://standards.iso.org/iso/19115/-3/mri/1.0"
        xmlns:mrs="http://standards.iso.org/iso/19115/-3/mrs/1.0"
        xmlns:msr="http://standards.iso.org/iso/19115/-3/msr/2.0"
        xmlns:mdq="http://standards.iso.org/iso/19157/-2/mdq/1.0"
        xmlns:dqc="http://standards.iso.org/iso/19157/-2/dqc/1.0"
        xmlns:gco="http://standards.iso.org/iso/19115/-3/gco/1.0"
        xmlns:gfc="http://standards.iso.org/iso/19110/gfc/1.1"
        xmlns:gml="http://www.opengis.net/gml/3.2">
	<name tagname="SpatialRepresentationInfo">Spatial Representation Information</name>
	<name tagname="ReferenceSystemInfo">Reference System Information</name>
	<name tagname="IdentificationInfo">Identification Information</name>
	<name tagname="ContentInfo">Content Information</name>
	<name tagname="DistributionInfo">Distribution Information</name>
	<name tagname="DataQualityInfo">Data Quality Information</name>
	<name tagname="PortrayalCatalogueInfo">Portrayal Catalogue Information</name>
	<name tagname="MetadataConstraints">Metadata Constraint Information</name>
	<name tagname="ApplicationSchemaInfo">Application Schema Information</name>
	<name tagname="MetadataMaintenance">Metadata Maintenance Information</name>
	<name tagname="AcquisitionInformation">Acquisition Information</name>
	<name tagname="MetadataExtensionInfo">Metadata Extension Information</name>
	<name tagname="FC_FeatureCatalogue">Feature Catalog Information</name>

	<name tagname="mdb:spatialRepresentationInfo">Spatial Representation Information</name>
	<name tagname="mdb:referenceSystemInfo">Reference System Information</name>
	<name tagname="mdb:identificationInfo">Identification Information</name>
	<name tagname="mdb:contentInfo">Content Information</name>
	<name tagname="mdb:distributionInfo">Distribution Information</name>
	<name tagname="mdb:dataQualityInfo">Data Quality Information</name>
	<name tagname="mdb:portrayalCatalogueInfo">Portrayal Catalogue Information</name>
	<name tagname="mdb:metadataConstraints">Metadata Constraint Information</name>
	<name tagname="mdb:applicationSchemaInfo">Application Schema Information</name>
	<name tagname="mdb:metadataMaintenance">Metadata Maintenance Information</name>
	<name tagname="mdb:acquisitionInformation">Acquisition Information</name>
	<name tagname="mdb:metadataExtensionInfo">Metadata Extension Information</name>
</names>
