{
  "title": "Geoportal Server",
  "description": "Landing page for Geoportal Server OGC Records API",
  "serverInfo": {
    "title": "Geoportal Server",
    "version": "2.6.6"
  },
  "links": [
    {
      "href": "{url}",
      "rel": "self",
      "type": "application/json",
      "title": "This OGC API - Records landing page as JSON"
    },
    {
      "href": "{url}/api",
      "rel": "service-desc",
      "type": "application/vnd.oai.openapi+json;version=3.0",
      "title": "The API definition (OpenAPI document)"
    },
    {
      "href": "{url}/conformance",
      "rel": "conformance",
      "title": "The OGC API conformance classes supported"
    },
    {
      "href": "{url}/collections",
      "rel": "data",
      "title": "The set of available collections"
    }
  ]
}