{
    "collections": [
        {
            "id": "metadata",
            "title": "Geoportal Server Metadata",
            "description": "Esri Geoportal Server Metadata Catalog",
            "itemType": "record",
            "crs": "http://www.opengis.net/def/crs/OGC/1.3/CRS84",
            "links": [
                {
                        "rel": "collection",
                        "type": "application/json",
                        "title": "Collection URL",
                        "href": "{url}/collections/metadata",
                        "hreflang": "en-US"
                },
                {
                        "rel": "queryables",
                        "type": "application/json",
                        "title": "Collection queryables",
                        "href": "{url}/collections/metadata/queryables",
                        "hreflang": "en-US"
                },
                {
                        "rel": "items",
                        "type": "application/json",
                        "title": "Collection items",
                        "href": "{url}/collections/metadata/items",
                        "hreflang": "en-US"
                }
            ]
        }
    ],
    "links": [
        {
            "rel": "self",
            "type": "application/json",
            "title": "This document as JSON",
            "href": "{url}/collections"
        }
    ]
}