{
    "id": "metadata",
    "type": "object",
    "title": "Geoportal Server Metadata",
    "properties": {
        "q": {
                "title": "q",
                "type": "string"
        },
        "bbox": {
                "title": "bbox",
                "type": "string"
        },
        "id": {
                "title": "id",
                "type": "string"
        },
        "time": {
                "title": "time",
                "type": "string"
        }
    },
    "links": [
        {
                "rel": "parent",
                "type": "application/json",
                "title": "Collection URL",
                "href": "{url}/collections/metadata",
                "hreflang": "en-US"
        },
        {
                "rel": "self",
                "type": "application/json",
                "title": "Collection queryables",
                "href": "{url}/collections/metadata/queryables",
                "hreflang": "en-US"
        }
    ],
    "$schema": "http://json-schema.org/draft/2019-09/schema",
    "$id": "{url}/collections/metadata/queryables"
}
