<?xml version="1.0" encoding="utf-8"?>
<!--
 See the NOTICE file distributed with
 this work for additional information regarding copyright ownership.
 Esri Inc. licenses this file to You under the Apache License, Version 2.0
 (the "License"); you may not use this file except in compliance with
 the License.  You may obtain a copy of the License at

     http://www.apache.org/licenses/LICENSE-2.0

 Unless required by applicable law or agreed to in writing, software
 distributed under the License is distributed on an "AS IS" BASIS,
 WITHOUT WARRANTIES OR CONDITIONS OF ANY KIND, either express or implied.
 See the License for the specific language governing permissions and
 limitations under the License.
-->
<CSWCatalogs>
  <!-- Geoportal Server Sandbox -->
  <CSWCatalog>
    <URL>http://gptogc.esri.com/geoportal/csw/discovery?request=GetCapabilities&amp;service=csw&amp;version=2.0.2</URL>
    <Name>Geoportal Server Sandbox</Name>
    <CSWProfile>urn:ogc:CSW:2.0.2:HTTP:OGCCORE:ESRI:GPT</CSWProfile>
    <Credentials>
      <Username/>
      <Password/>
    </Credentials>
  </CSWCatalog>
  
  <CSWCatalog>
    <URL>http://catalog.data.gov/csw-all?request=GetCapabilities&amp;service=CSW&amp;version=2.0.2</URL>
    <Name>Data.gov (all)</Name>
    <CSWProfile>urn:ogc:CSW:2.0.2:HTTP:APISO:PYCSW</CSWProfile>
    <Credentials>
      <Username/>
      <Password/>
    </Credentials>
  </CSWCatalog>
  
  <CSWCatalog>
    <URL>http://production.geodab.eu/gi-cat-StP/services/cswiso?request=GetCapabilities&amp;service=CSW&amp;version=2.0.2</URL>
    <Name>GEOSS DAB</Name>
    <CSWProfile>urn:ogc:CSW:2.0.2:HTTP:APISO:GICAT</CSWProfile>
    <Credentials>
      <Username/>
      <Password/>
    </Credentials>
  </CSWCatalog>
</CSWCatalogs>
