<?xml version="1.0" encoding="UTF-8"?>
<beans:beans 
	xmlns:beans="http://www.springframework.org/schema/beans"
	xmlns:xsi="http://www.w3.org/2001/XMLSchema-instance"
	xsi:schemaLocation="http://www.springframework.org/schema/beans http://www.springframework.org/schema/beans/spring-beans.xsd">
  
  <!-- Extensibility classes that are instantiated on demand -->
  
  <beans:bean id="request.DeleteItemRequest" scope="prototype" class="com.esri.geoportal.lib.elastic.http.request.DeleteItemRequest"/>
  <beans:bean id="request.DeleteItemsRequest" scope="prototype" class="com.esri.geoportal.lib.elastic.http.request.DeleteItemsRequest"/>
  <beans:bean id="request.GetItemRequest" scope="prototype" class="com.esri.geoportal.lib.elastic.http.request.GetItemRequest"/>
  <beans:bean id="request.GetMetadataRequest" scope="prototype" class="com.esri.geoportal.lib.elastic.http.request.GetMetadataRequest"/>
  <beans:bean id="request.PublishMetadataRequest" scope="prototype" class="com.esri.geoportal.lib.elastic.http.request.PublishMetadataRequest"/>
  <beans:bean id="request.RealiasRequest" scope="prototype" class="com.esri.geoportal.lib.elastic.http.request.RealiasRequest"/>
  <beans:bean id="request.ReindexRequest" scope="prototype" class="com.esri.geoportal.lib.elastic.http.request.ReindexRequest"/>
  <beans:bean id="request.SetAccessRequest" scope="prototype" class="com.esri.geoportal.lib.elastic.http.request.SetAccessRequest"/>
  <beans:bean id="request.SetCollectionsRequest" scope="prototype" class="com.esri.geoportal.lib.elastic.http.request.SetCollectionsRequest"/>
  <beans:bean id="request.SetApprovalStatusRequest" scope="prototype" class="com.esri.geoportal.lib.elastic.http.request.SetApprovalStatusRequest"/>
  <beans:bean id="request.SetFieldRequest" scope="prototype" class="com.esri.geoportal.lib.elastic.http.request.SetFieldRequest"/>
  <beans:bean id="request.SetOwnerRequest" scope="prototype" class="com.esri.geoportal.lib.elastic.http.request.SetOwnerRequest"/>
  <beans:bean id="request.TransformMetadataRequest" scope="prototype" class="com.esri.geoportal.lib.elastic.http.request.TransformMetadataRequest"/>
  <beans:bean id="request.ValidateMetadataRequest" scope="prototype" class="com.esri.geoportal.lib.elastic.request.ValidateMetadataRequest"/>
  
  <beans:bean id="metadata.Evaluator" scope="prototype" class="com.esri.geoportal.base.metadata.Evaluator">
    <beans:property name="javascriptFile" value="metadata/js/Evaluator.js"/>
  </beans:bean>
  <beans:bean id="metadata.Validator" scope="prototype" class="com.esri.geoportal.base.metadata.Validator"/>
  
</beans:beans>