<?xml version="1.0" encoding="UTF-8"?>
<beans:beans 
    xmlns:beans="http://www.springframework.org/schema/beans"
    xmlns:context="http://www.springframework.org/schema/context"
    xmlns:xsi="http://www.w3.org/2001/XMLSchema-instance"
    xsi:schemaLocation="http://www.springframework.org/schema/beans http://www.springframework.org/schema/beans/spring-beans.xsd
                        http://www.springframework.org/schema/context http://www.springframework.org/schema/context/spring-context.xsd">

  <context:property-placeholder/>
  <context:annotation-config />
	
  <beans:import resource="app-factory.xml" />
  <beans:import resource="app-dcat.xml" />
  
  <beans:bean id="geoportalContext" class="com.esri.geoportal.context.GeoportalContext">
    <beans:property name="elasticContext" ref="elasticContext" />
    <beans:property name="harvesterContext" ref="harvesterContext" />
    <beans:property name="supportsApprovalStatus" value="false" />
    <beans:property name="defaultApprovalStatus" value="" /> <!-- optional - approved|reviewed|disapproved|incomplete|posted|draft -->
    <beans:property name="supportsGroupBasedAccess" value="false" />
    <beans:property name="defaultAccessLevel" value="" /> <!-- optional - public|private -->
    <beans:property name="parseGml" value="false" />
    <beans:property name="supportsCollections" value="true" />
    <beans:property name="geometryService" value="${gpt_geometryService:}" />
  </beans:bean>
  
  <!-- the tokens like ${es_cluster:elasticsearch} ${gpt_indexName:metadata}
  represent environment variables that can be used to pass values into a spring configuration context, aka these files
  pattern is
  ${environment_Variable:defaultValue}
  Allows you to deploy to a server without having to build a new war file.
  see: docs/configureByEnvironmentVariable.md
  -->
  <beans:bean id="elasticContext" class="com.esri.geoportal.lib.elastic.ElasticContextHttp">
    <beans:property name="clusterName" value="elasticsearch" />
    <beans:property name="indexName" value="${gpt_indexName:metadata}" />
    <beans:property name="collectionIndexName" value="${gpt_collectionIndexName:collections}" />
    <beans:property name="indexNameIsAlias" value="true" />
    <beans:property name="autoCreateIndex" value="true" />
    <beans:property name="autoCreateCollectionIndex" value="true" />		
    <beans:property name="allowFileId" value="false" />
    <beans:property name="mappingsFile" value="${gpt_mappingsFile:config/elastic-mappings.json}" />
    <beans:property name="mappingsFile7" value="${gpt_mappingsFile:config/elastic-mappings-7.json}" />
    <beans:property name="httpPort" value="9200" />		
    <beans:property name="transportPort" value="9300" />  
    <beans:property name="proxyBufferSize" value="8192" />		
          	
    <!-- Uncomment and complete the following if you want to use secured index -->
    <beans:property name="useHttps" value="false" />
    <beans:property name="encryptPassword" value="false" />

    <!-- If encryptPassword =true, Uncomment below and configure the keys -->
    <!-- 
    <beans:property name="base64Key" value="${gpt_base64Key}" />
    <beans:property name="base64Iv" value="${gpt_base64Iv}" /> 
    -->
   
    <beans:property name="username" value="" />
    <beans:property name="password" value="" />
    
    <beans:property name="engineType" value="${gpt_engineType:opensearch}"/> <!-- null | opensearch | elasticsearch -->		
    <beans:property name="awsOpenSearchType" value="${gpt_awsOpenSearchType:}"/> <!-- null for all other types of Opensearch | serverless | managed -->
    <!--If awsOpenSearchType = serverless, uncomment and configure awsALBEndpoint (AWS ALB)
		https://github.com/Esri/geoportal-server-catalog/tree/master/geoportal/doc/aws-serverless -->
    <!-- 
    <beans:property name="awsALBEndpoint" value=""/>
    -->
	
    <beans:property name="nodes">
      <!-- The list of host names within the Elasticsearch cluster, one value element per host -->
      <beans:list>
        <beans:value>${es_node:}</beans:value>
      </beans:list>
    </beans:property>
  </beans:bean>
            
  <beans:bean id="stacContext" class="com.esri.geoportal.service.stac.StacContext">    
    <!--  <beans:property name="statusFld" value="status"/> -->
    <beans:property name="numStacFeaturesAddItem" value="500" />
    <beans:property name="validateStacFields" value="${gpt_validateStacFields:true}" />
    <beans:property name="canStacAutogenerateId" value="${gpt_canStacAutogenerateId:true}" />
    <beans:property name="canStacGeomTransform" value="${gpt_canStacGeomTransform:false}" />
    <beans:property name="canStacAutogenerateBbox" value="${gpt_canStacAutogenerateBbox:true}" />
    <beans:property name="stacBboxSize" value="${gpt_stacBboxSize:0.00001}" />    
    <beans:property name="geomWKTField" value="${gpt_geomWKTField:}" />
    <beans:property name="geomCRSField" value="${gpt_geomCRSField:}" /> 
    <!-- 
    <beans:property name="delayResponse" value="1000" />
    <beans:property name="stacUrl" value="" /> 
    -->
    <beans:property name="validationRules">
      <beans:list>
        <!-- 
          rule definition string:
          rule_type ::= <type_unique> | <type_intersects_collection> | <type_match_expression> | <type_mandatory_fields>
          type_unique ::= 'unique | ' <field1_name>,<field2_name>,...,<fieldN_name>
          type_intersects_collection ::= 'intersects_collection'
          type_geometry_source_matches ::= 'geometry_source_matches'
          type_match_expression ::= match_expression | <field_name>,<reg_expression>
      	  type_mandatory_fields ::= mandatory_fields | <field_name1>,<field_name2>
          
          examples:
          <beans:value>unique|properties.fieldname</beans:value>
          <beans:value>intersects_collection</beans:value> 
          <beans:value>geometry_source_matches</beans:value>
         	<beans:value>match_expression |id,^[A-Za-z0-9_-]+$</beans:value>
          <beans:value>mandatory_fields|properties.datetime</beans:value>   
          
          Below configuration uses environment variables for the rules	      
          <beans:value>${gpt_stacValidationRule1}</beans:value>
          <beans:value>${gpt_stacValidationRule2}</beans:value>
        -->
      </beans:list> 
    </beans:property>
    <beans:property name="fieldMappings">
      <beans:list>
        <!-- 
          field mapping string:
          field_mapping ::= stac_field_name=index_field_name
          stac_field_name=index_field_name ::= name + [_txt | _s | _b | _i | _l | _f | _d | _dt | _cat ]
          _txt ::= free text field
          _s ::= keyword field
          _b ::= boolean field
          _i ::= integer field
          _l ::= long field
          _f ::= float field
          _d ::= double field
          _dt ::= date field: e.g. 2025-01-16T11:35:56.732Z
          _cat ::= hierarchical category field: e.g. continent > country > state/province > county/municipality > city > neighborhood ...          
        -->
	<!--
        <beans:value>prefix:stac_property=index_field_suffix</beans:value>
	-->
      </beans:list>
    </beans:property>
  </beans:bean>  
    <!--  This should always be imported after GeoportalContext and ElasticContext loaded -->
  <beans:import resource="app-security.xml" />
	
  <beans:bean id="harvesterContext" class="com.esri.geoportal.lib.harvester.HarvesterContext">
    <beans:property name="nodes">
      <!-- The list of host names within the Harvester cluster, one value element per host -->
      <beans:list>
        <beans:value>${harvester_node:}</beans:value>
      </beans:list>
    </beans:property>
  </beans:bean>	
</beans:beans>
