<?xml version="1.0" encoding="UTF-8"?>
<beans:beans 
	xmlns:beans="http://www.springframework.org/schema/beans"
	xmlns:security="http://www.springframework.org/schema/security" 
	xmlns:xsi="http://www.w3.org/2001/XMLSchema-instance"
	xsi:schemaLocation="http://www.springframework.org/schema/beans http://www.springframework.org/schema/beans/spring-beans.xsd
    http://www.springframework.org/schema/security https://www.springframework.org/schema/security/spring-security-5.8.xsd">
  
   <beans:bean id="ldapServer" class="org.springframework.ldap.core.support.LdapContextSource">
   	<beans:property name="url" value="ldap://gptelastic:10389"></beans:property>
   	<beans:property name="userDn" value="uid=admin, ou=system"></beans:property>
   	<beans:property name="password">
	   	 <beans:bean id="Decrypt" class="org.springframework.beans.factory.config.MethodInvokingFactoryBean">
            <beans:property name="targetClass" value="com.esri.geoportal.lib.security.EncryptDecrypt" />
            <beans:property name="staticMethod" value="com.esri.geoportal.lib.security.EncryptDecrypt.decryptLdapPass" />
            <beans:property name="arguments">
              <beans:list>
                <beans:value>${ldap_manager_password}</beans:value>
              </beans:list>
             </beans:property>
          </beans:bean>
      </beans:property>	   	
   </beans:bean>
	
  <security:authentication-manager id="authenticationManager" alias="authenticationManager">
    <security:ldap-authentication-provider 
      server-ref="ldapServer"
      role-prefix="ROLE_"
      user-search-base="ou=users,ou=system" 
	    user-search-filter="(&amp;(objectclass=person)(uid={0}))" 
	    group-search-base="ou=groups,ou=system"
	    group-role-attribute="cn" 
	    group-search-filter="(&amp;(objectclass=groupOfUniqueNames)(uniquemember={0}))"
	    user-context-mapper-ref="ldapUserContextMapper">
    </security:ldap-authentication-provider>
  </security:authentication-manager>
  
  <beans:bean id="ldapUserContextMapper" class="com.esri.geoportal.base.security.LdapUserContextMapper">
    <beans:property name="defaultRole" value="USER" />
    <beans:property name="roleMap">
      <beans:map key-type="java.lang.String" value-type="java.lang.String">
        <beans:entry key="ROLE_GPT_ADMINISTRATORS" value="ADMIN,PUBLISHER" />
        <beans:entry key="ROLE_GPT_PUBLISHERS" value="PUBLISHER" />
      </beans:map>
    </beans:property>
  </beans:bean>

</beans:beans>