<?xml version="1.0" encoding="UTF-8"?>
<beans:beans 
	xmlns:beans="http://www.springframework.org/schema/beans"
	xmlns:security="http://www.springframework.org/schema/security"
	xmlns:xsi="http://www.w3.org/2001/XMLSchema-instance"
	xsi:schemaLocation="http://www.springframework.org/schema/beans http://www.springframework.org/schema/beans/spring-beans.xsd
    http://www.springframework.org/schema/security https://www.springframework.org/schema/security/spring-security-5.8.xsd">
    
  <beans:bean id="arcgisAuthenticationProvider" class="com.esri.geoportal.base.security.ArcGISAuthenticationProvider">
    <beans:property name="appId" value="${arcgis_appid:6iJ2pLIj9UwcSdfA}"/>
    <beans:property name="authorizeUrl" value="${arcgis_authorizeUrl:https://www.arcgis.com/sharing/rest/oauth2/authorize}"/>
    <beans:property name="createAccountUrl" value="${arcgis_createAccountUrl:https://www.arcgis.com/home/createaccount.html}"/>
    <beans:property name="expirationMinutes" value="120" />
    <beans:property name="geoportalAdministratorsGroupId" value="" />
    <beans:property name="geoportalPublishersGroupId" value="" />
    <beans:property name="allUsersCanPublish" value="true" />
    <beans:property name="rolePrefix" value="ROLE_" />
    <beans:property name="showMyProfileLink" value="${arcgis_showMyProfileLink:true}" />
  </beans:bean>

	<security:authentication-manager id="authenticationManager" alias="authenticationManager">
	  <security:authentication-provider ref="arcgisAuthenticationProvider"/>
	</security:authentication-manager>

</beans:beans>