<?xml version="1.0" encoding="UTF-8"?>
<beans:beans 
	xmlns:beans="http://www.springframework.org/schema/beans"
	xmlns:security="http://www.springframework.org/schema/security"
	xmlns:xsi="http://www.w3.org/2001/XMLSchema-instance"
	xsi:schemaLocation="http://www.springframework.org/schema/beans http://www.springframework.org/schema/beans/spring-beans.xsd
    http://www.springframework.org/schema/security https://www.springframework.org/schema/security/spring-security-5.8.xsd">

  <security:authentication-manager id="authenticationManager" alias="authenticationManager">
    <security:authentication-provider>
      <security:user-service>
        <security:user name="gptadmin" password="{noop}gptadmin" authorities="ROLE_ADMIN,ROLE_PUBLISHER" />
        <security:user name="admin" password="{bcrypt}$2a$12$td99FHa4zQbWVUwJwJ9k1ea9CR4oPTUKCQgacLwjefCFxxil0jZ9." authorities="ROLE_ADMIN,ROLE_PUBLISHER" />
        <security:user name="publisher" password="{noop}publisher" authorities="ROLE_PUBLISHER" />
        <security:user name="user" password="{noop}user" authorities="ROLE_USER" />
      </security:user-service>
    </security:authentication-provider>
  </security:authentication-manager>

</beans:beans>