<?xml version="1.0" encoding="UTF-8"?>
<beans:beans 
	xmlns:beans="http://www.springframework.org/schema/beans"
	xmlns:context="http://www.springframework.org/schema/context"
	xmlns:xsi="http://www.w3.org/2001/XMLSchema-instance"
	xsi:schemaLocation="http://www.springframework.org/schema/beans http://www.springframework.org/schema/beans/spring-beans.xsd
    http://www.springframework.org/schema/context http://www.springframework.org/schema/context/spring-context.xsd">

	<context:property-placeholder/>
	<context:annotation-config />
	<context:component-scan base-package="com.esri.geoportal" />


	<beans:import resource="cli-app-factory.xml" />

	<beans:bean id="geoportalContext" class="com.esri.geoportal.context.GeoportalContext">
		<!-- <beans:property name="elasticContext" ref="elasticContext" /> -->

		<beans:property name="supportsApprovalStatus" value="false" />
		<beans:property name="defaultApprovalStatus" value="" /> <!-- optional - approved|reviewed|disapproved|incomplete|posted|draft -->
		<beans:property name="supportsGroupBasedAccess" value="false" />
		<beans:property name="defaultAccessLevel" value="" /> <!-- optional - public|private -->
	</beans:bean>




	 
</beans:beans>