{
	"settings": {
		"analysis": {
			"tokenizer": {
				"hierarchy_tokenizer": {
					"type": "path_hierarchy",
					"delimiter": "|"
				},
				"reverse_hierarchy_tokenizer": {
					"type": "path_hierarchy",
					"delimiter": "|",
					"reverse": "true"
				}
			},
			"analyzer": {
				"default": {
					"tokenizer": "standard",
					"filter": [
						"lowercase",
						"english_stemmer"
					]
				},
				"case_insensitive_sort": {
					"tokenizer": "keyword",
					"filter": [
						"lowercase"
					]
				},
				"hierarchical_category": {
					"tokenizer": "hierarchy_tokenizer",
					"filter": [
						"lowercase"
					]
				},
				"reverse_hierarchical_category": {
					"tokenizer": "reverse_hierarchy_tokenizer",
					"filter": [
						"lowercase"
					]
				}
			},
			"filter": {
				"english_stemmer": {
					"type": "stemmer",
					"name": "english"
				}
			}
		}
	},
	"mappings": {
		"properties": {
			"blob": {
				"properties": {
					"sys_blob": {
						"type": "binary",
						"store": true,
						"doc_values": false
					},
					"sys_itemid": {
						"type": "keyword"
					},
					"sys_meta": {
						"type": "keyword",
						"index": false,
						"store": true,
						"doc_values": false
					}
				}
			},
			"clob":{
			  "properties":{
				"sys_clob":{
				  "type":"keyword",
				  "index":false,
				  "store":true,
				  "doc_values":false
				},
				"sys_itemid": {
				  "type":"keyword"
				},
				"sys_meta":{
				  "type":"keyword",
				  "index":false,
				  "store":true,
				  "doc_values":false
				}
			}
		  }
		  
		  
		},
		"dynamic_templates": [
			{
				"_s": {
					"match": "*_s",
					"mapping": {
						"type": "keyword"
					}
				}
			},
			{
				"_txt": {
					"match": "*_txt",
					"mapping": {
						"type": "text"
					}
				}
			},
			{
				"_b": {
					"match": "*_b",
					"mapping": {
						"type": "boolean"
					}
				}
			},
			{
				"_i": {
					"match": "*_i",
					"mapping": {
						"type": "integer"
					}
				}
			},
			{
				"_l": {
					"match": "*_l",
					"mapping": {
						"type": "long"
					}
				}
			},
			{
				"_f": {
					"match": "*_f",
					"mapping": {
						"type": "float"
					}
				}
			},
			{
				"_d": {
					"match": "*_d",
					"mapping": {
						"type": "double"
					}
				}
			},
			{
				"_dt": {
					"match": "*_dt",
					"mapping": {
						"type": "date"
					}
				}
			},
			{
				"_geo": {
					"match": "*_geo",
					"mapping": {
						"type": "geo_shape"
					}
				}
			},
			{
				"_pt": {
					"match": "*_pt",
					"mapping": {
						"type": "geo_point"
					}
				}
			},
			{
				"_nst": {
					"match": "*_nst",
					"mapping": {
						"type": "nested"
					}
				}
			},
			{
				"_obj": {
					"match": "*_obj",
					"mapping": {
						"type": "object"
					}
				}
			},
			{
				"_blob": {
					"match": "*_blob",
					"mapping": {
						"type": "binary",
						"store": true,
						"doc_values": false
					}
				}
			},
			{
				"_clob": {
					"match": "*_clob",
					"mapping": {
						"type": "keyword",
						"index": false,
						"store": true,
						"doc_values": false
					}
				}
			},
			{
				"_cat": {
					"match": "*_cat",
					"mapping": {
						"type": "keyword",
						"fields": {
							"text": {
								"type": "text"
							},
							"tree": {
								"type": "text",
								"analyzer": "hierarchical_category"
							},
							"rtree": {
								"type": "text",
								"analyzer": "reverse_hierarchical_category"
							}
						}
					}
				}
			}
		]
	}
}