{
  "targets": [
    {
      "name": "ArcGIS Online",
      "url": "https://www.arcgis.com",
      "type": "portal",
      "profile": null,
      "requiredFilter": null,
      "enabled": true
    },
    {
      "name": "gptdb1",
      "url": "http://gptdb1.esri.com:8080/geoportal/elastic/metadata/item/_search",
      "type": "geoportal",
      "profile": null,
      "requiredFilter": null,
      "enabled": true
    },
    {
      "name": "CSW3 Geoportal2 (urban)",
      "url": "http://urban.esri.com:8080/geoportal/csw?service=CSW&request=GetRecords",
      "type": "csw3",
      "profile": null,
      "enabled": true
    },
    {
      "name": "CSW2 Geoportal2 (urban)",
      "url": "http://urban.esri.com:8080/geoportal/csw?service=CSW&request=GetRecords",
      "type": "csw2",
      "profile": "CSW2_Geoportal1",
      "enabled": true
    },
    {
      "name": "CSW2 Geoportal2 (gptogc)",
      "url": "https://gptogc.esri.com/geoportal/csw?service=CSW&request=GetRecords",
      "type": "csw2",
      "profile": "CSW2_Geoportal1",
      "enabled": true,
      "useProxy": true
    }
  ]
}
